source_file,retrieved_date,IRN,ORGANIZATION NAME,SCHOOL TYPE,GRADE SPAN,ORGANIZATION TYPE,ORGANIZATION CATEGORY,STATUS,DESIGNATED COUNTY,WEB URL,ORG EMAIL ADDRESS,ORG MAILING ADDRESS,ORG PHONE,ORG FAX,SUPERINTENDENT,SUPERINTENDENT EMAIL,SUPERINTENDENT PHONE,TREASURER,TREASURER EMAIL,TREASURER PHONE,PRINCIPAL,PRINCIPAL EMAIL,PRINCIPAL PHONE,PARENT IRN,PARENT ORGANIZATION NAME
districts.csv,2026-10-09,200002,Lima City CTPD,N/A,N/A,Career Technical Planning District,District,Open,Allen,N/A,DCOOK@SPARTAN.LIMACITYSCHOOLS.ORG,"755 Saint Johns Ave, Lima, Ohio, 45804",(419) 996-3430,N/A,Andre Rudolph,N/A,N/A,Heather Sharp,hsharp@spartan.limacityschools.org,N/A,N/A,N/A,N/A,N/A,N/A
districts.csv,2026-10-09,200005,Tri-County JVSD CTPD,N/A,N/A,Career Technical Planning District,District,Open,Athens,N/A,N/A,"15676 State Route 691, Nelsonville, Ohio, 45764",(740) 753-3511,(740) 753-5138,Andrea Townsend,atownsend@tricounty.cc,N/A,N/A,N/A,N/A,N/A,N/A,N/A,N/A,N/A
districts.csv,2026-10-09,200008,Butler County JVSD CTPD,N/A,N/A,Career Technical Planning District,District,Open,Butler,N/A,N/A,"3603 Hamilton Middletown Rd, Hamilton, Ohio, 45011",N/A,N/A,William Sprankles III,spranklesw@butlertech.org,N/A,Paul Carpenter,carpenterp@butlertech.org,N/A,N/A,N/A,N/A,N/A,N/A
districts.csv,2026-10-09,200011,Springfield-Clark County JVSD CTPD,N/A,N/A,Career Technical Planning District,District,Open,Clark,N/A,N/A,"1901 Selma Rd, Springfield, Ohio, 45505",N/A,N/A,Michelle Patrick,michellepatrick@scctc.org,N/A,JULIANA ROOPLALL-WALLACE,N/A,N/A,N/A,N/A,N/A,N/A,N/A
districts.csv,2026-10-09,200020,Tri-Heights Career Prep Consortium CTPD,N/A,N/A,Career Technical Planning District,District,Open,Cuyahoga,N/A,N/A,"2155 Miramar Blvd, University Heights, Ohio, 44118",N/A,N/A,Elizabeth Kirby,e_kirby@chuh.org,N/A,Angele Latham,N/A,N/A,N/A,N/A,N/A,N/A,N/A
districts.csv,2026-10-09,200021,East Cleveland City CTPD,N/A,N/A,Career Technical Planning District,District,Open,Cuyahoga,N/A,N/A,"1843 Stanwood Rd, East Cleveland, Ohio, 44112",N/A,N/A,Henry Pettiegrew,hpettiegrew@eastclevelandschools.org,N/A,Diana Whitt,dwhitt@eastclevelandschools.org,N/A,N/A,N/A,N/A,N/A,N/A
districts.csv,2026-10-09,200028,Polaris JVSD CTPD,N/A,N/A,Career Technical Planning District,District,Open,Cuyahoga,http://www.polaris.edu,N/A,"7285 Old Oak Blvd, Middleburg Heights, Ohio, 44130",(440) 891-7600,N/A,Diane Xander,dxander@polaris.edu,N/A,Michael Robinson,N/A,N/A,N/A,N/A,N/A,N/A,N/A
districts.csv,2026-10-09,200030,Four County JVSD CTPD,N/A,N/A,Career Technical Planning District,District,Open,Henry,N/A,N/A,"22900 State Route 34, Archbold, Ohio, 43502",N/A,N/A,JEFFREY SLATTERY,N/A,N/A,Homer Hendricks,N/A,N/A,N/A,N/A,N/A,N/A,N/A
districts.csv,2026-10-09,200031,Delaware County JVSD CTPD,N/A,N/A,Career Technical Planning District,District,Open,Delaware,N/A,N/A,"4565 Columbus Pike, Delaware, Ohio, 43015",N/A,N/A,Jay Poroda,porodaj@delawareareacc.org,N/A,Christopher Bell,bellc@delawareareacc.org,N/A,N/A,N/A,N/A,N/A,N/A
districts.csv,2026-10-09,200038,South-Western City CTPD,N/A,N/A,Career Technical Planning District,District,Open,Franklin,N/A,christine.galvin@swcsd.us,"3805 Marlane Dr, Grove City, Ohio, 43123",(614) 801-3000,N/A,Randy Banks,randy.banks@swcsd.us,N/A,N/A,N/A,N/A,N/A,N/A,N/A,N/A,N/A
districts.csv,2026-10-09,200052,Auburn JVSD CTPD,N/A,N/A,Career Technical Planning District,District,Open,Lake,N/A,N/A,"8140 Auburn Rd, Painesville, Ohio, 44077",(440) 357-7542,(440) 357-0310,Joseph Glavan,jglavan@auburncc.org,N/A,Jason Crowe,jcrowe@auburncc.org,(440) 358-8006,N/A,N/A,N/A,N/A,N/A
districts.csv,2026-10-09,200081,Madison Local CTPD,N/A,N/A,Career Technical Planning District,District,Open,Richland,N/A,N/A,"1379 Grace St, Mansfield, Ohio, 44905",N/A,N/A,Robert Peterson,rpeterson@mlsd.net,N/A,Bradd Stevens,N/A,N/A,N/A,N/A,N/A,N/A,N/A
districts.csv,2026-10-09,200082,Mansfield City CTPD,N/A,N/A,Career Technical Planning District,District,Open,Richland,N/A,fletcher.nikia@mansfieldschools.org,"124 N Linden Rd, Mansfield, Ohio, 44906",(419) 525-6369,(419) 524-2210,Stan Jefferson,superintendent@mansfieldschools.org,N/A,Barbara Donohue,N/A,N/A,N/A,N/A,N/A,N/A,N/A
districts.csv,2026-10-09,200003,Heartland Technical Education Center CTPD,N/A,N/A,Career Technical Planning District,District,Open,Ashland,www.heartlandtech.org,N/A,"1783 State Route 60, Ashland, Ohio, 44805",N/A,N/A,Rodney Cheyney,N/A,N/A,Julie Smith,N/A,N/A,N/A,N/A,N/A,N/A,N/A
districts.csv,2026-10-09,200012,U S Grant JVSD CTPD,N/A,N/A,Career Technical Planning District,District,Open,Clermont,N/A,kelly.sininger@grantcareer.com,"718 W Plane St, Bethel, Ohio, 45106",(513) 734-6222,(513) 734-4758,Michael Parry,N/A,N/A,Kelly Sininger,kelly.sininger@grantcareer.com,N/A,N/A,N/A,N/A,N/A,N/A
districts.csv,2026-10-09,200040,Gallia-Jackson-Vinton JVSD CTPD,N/A,N/A,Career Technical Planning District,District,Open,Gallia,N/A,N/A,"351 Buckeye Hills Road, Rio Grande, Ohio, 45674",N/A,N/A,Jamie Nash,nashj@buckeyehills.net,N/A,Stephanie Rife,N/A,N/A,N/A,N/A,N/A,N/A,N/A
districts.csv,2026-10-09,200042,Greene County JVSD CTPD,N/A,N/A,Career Technical Planning District,District,Open,Greene,N/A,N/A,"532 Innovation Dr, Xenia, Ohio, 45385",N/A,N/A,Brian McKnight,bmcknight@greeneccc.com,N/A,Georgia Lewis,N/A,N/A,N/A,N/A,N/A,N/A,N/A
districts.csv,2026-10-09,200043,Cincinnati City CTPD,N/A,N/A,Career Technical Planning District,District,Open,Hamilton,N/A,N/A,"2651 Burnet Ave, Cincinnati, Ohio, 45219",N/A,N/A,Shauna Murphy,murphys@cps-k12.org,N/A,Michael Gustin,gustinm@cpsboe.k12.oh.us,N/A,N/A,N/A,N/A,N/A,N/A
districts.csv,2026-10-09,200050,Jefferson County JVSD CTPD,N/A,N/A,Career Technical Planning District,District,Open,Jefferson,www.jeffjvs.org,careers@jeffjvs.org,"1509 County Road 22a, Bloomingdale, Ohio, 43910",(740) 264-5545,(740) 264-3144,Ted Gorman,ted.gorman@jeffjvs.org,N/A,Marcy Thompson,marcy.thompson@jeffjvs.org,N/A,N/A,N/A,N/A,N/A,N/A
districts.csv,2026-10-09,200055,Licking County JVSD CTPD,N/A,N/A,Career Technical Planning District,District,Open,Licking,N/A,N/A,"150 Price Rd, Newark, Ohio, 43055",N/A,N/A,Michelle Snow,N/A,N/A,Benjamin Streby,N/A,N/A,N/A,N/A,N/A,N/A,N/A
districts.csv,2026-10-09,200056,Ohio Hi-Point JVSD CTPD,N/A,N/A,Career Technical Planning District,District,Open,Logan,N/A,brichardson@ohiohipoint.com,"2280 State Route 540, Bellefontaine, Ohio, 43311",(937) 599-3010,(937) 599-2318,Bradley Richardson,N/A,N/A,Caleb Lang,N/A,N/A,N/A,N/A,N/A,N/A,N/A
districts.csv,2026-10-09,200059,Oregon City CTPD,N/A,N/A,Career Technical Planning District,District,Open,Lucas,N/A,rbihn@oregoncs.org,"5721 Seaman St, Oregon, Ohio, 43616",N/A,N/A,James Fritz,jfritz@oregoncs.org,N/A,Tracy Boyes,tboyes@oregoncs.org,N/A,N/A,N/A,N/A,N/A,N/A
districts.csv,2026-10-09,200060,Sylvania City CTPD,N/A,N/A,Career Technical Planning District,District,Open,Lucas,N/A,N/A,"4747 N Holland Sylvania Rd, Sylvania, Ohio, 43560",(419) 824-8501,(419) 824-8503,Timothy Zieroff,N/A,N/A,Adam Koch,akoch@sylvaniaschools.org,N/A,N/A,N/A,N/A,N/A,N/A
districts.csv,2026-10-09,200070,Switzerland of Ohio Local CTPD,N/A,N/A,Career Technical Planning District,District,Open,Monroe,https://www.solsd.org,Scott.Kratche@solsd.org,"304 Mill St, Woodsfield, Ohio, 43793",(740) 472-0722,N/A,Jeremy Beardmore,Jeremy.Beardmore@solsd.org,N/A,N/A,N/A,N/A,N/A,N/A,N/A,N/A,N/A
districts.csv,2026-10-09,200078,Maplewood Area JVSD CTPD,N/A,N/A,Career Technical Planning District,District,Open,Portage,N/A,N/A,"7075 State Route 88, Ravenna, Ohio, 44266",N/A,N/A,Randall Griffith,Griffithra@mwood.cc,N/A,Michelle Seckman,seckmanmi@mwood.cc,N/A,N/A,N/A,N/A,N/A,N/A
districts.csv,2026-10-09,200092,Massillon City CTPD,N/A,N/A,Career Technical Planning District,District,Open,Stark,N/A,jpalma@massillonschools.org,"930 17th St NE, Massillon, Ohio, 44646",N/A,N/A,Paul Salvino,N/A,N/A,Ryker Locke,rlocke@massillonschools.org,N/A,N/A,N/A,N/A,N/A,N/A
districts.csv,2026-10-09,200001,Apollo JVSD CTPD,N/A,N/A,Career Technical Planning District,District,Open,Allen,N/A,keith.horner@apollocc.org,"3325 Shawnee Rd, Lima, Ohio, 45806",(419) 998-2010,(419) 999-5127,Keith Horner,keith.horner@apollocc.org,N/A,Maria Rellinger,maria.rellinger@apollocc.org,N/A,N/A,N/A,N/A,N/A,N/A
districts.csv,2026-10-09,200015,Columbiana County JVSD CTPD,N/A,N/A,Career Technical Planning District,District,Open,Columbiana,N/A,N/A,"9364 State Route 45, Lisbon, Ohio, 44432",N/A,N/A,Jeremy Corbisello,jeremy.corbisello@ccctc.k12.oh.us,N/A,Katherine Scanlon,N/A,N/A,N/A,N/A,N/A,N/A,N/A
districts.csv,2026-10-09,200016,East Liverpool City CTPD,N/A,N/A,Career Technical Planning District,District,Open,Columbiana,N/A,N/A,"810 W 8th St, East Liverpool, Ohio, 43920",N/A,N/A,Jonathan Ludwig,jonathan.ludwig@elpotters.school,N/A,Anson Wiegand,N/A,N/A,N/A,N/A,N/A,N/A,N/A
districts.csv,2026-10-09,200019,Cleveland Municipal CTPD,N/A,N/A,Career Technical Planning District,District,Open,Cuyahoga,N/A,N/A,"1111 Superior Ave E, Cleveland, Ohio, 44114",N/A,N/A,Warren Morgan II,warren.morgan@clevelandmetroschools.org,N/A,Robert Stockdale,N/A,N/A,N/A,N/A,N/A,N/A,N/A
districts.csv,2026-10-09,200023,Lakewood City CTPD,N/A,N/A,Career Technical Planning District,District,Open,Cuyahoga,N/A,N/A,"13701 Lake Ave, Lakewood, Ohio, 44107",N/A,N/A,Margaret Niedzwiecki,N/A,N/A,Meghan Rohde,N/A,N/A,N/A,N/A,N/A,N/A,N/A
districts.csv,2026-10-09,200027,Cuyahoga Valley JVSD CTPD,N/A,N/A,Career Technical Planning District,District,Open,Cuyahoga,N/A,N/A,"8001 Brecksville Rd, Brecksville, Ohio, 44141",N/A,N/A,David Mangas,N/A,N/A,Richard Berdine,rberdine@revereschools.org,N/A,N/A,N/A,N/A,N/A,N/A
districts.csv,2026-10-09,200032,EHOVE JVSD CTPD,N/A,N/A,Career Technical Planning District,District,Open,Erie,N/A,N/A,"316 Mason Rd W, Milan, Ohio, 44846",N/A,N/A,Chris McCully,N/A,N/A,TIMOTHY COFFMAN,tcoffman@ehove.net,N/A,N/A,N/A,N/A,N/A,N/A
districts.csv,2026-10-09,200033,Sandusky City CTPD,N/A,N/A,Career Technical Planning District,District,Open,Erie,N/A,N/A,"407 Decatur St, Sandusky, Ohio, 44870",N/A,N/A,N/A,N/A,N/A,Yvonne anderson,yanderson@scsbluestreaks.net,N/A,N/A,N/A,N/A,N/A,N/A
districts.csv,2026-10-09,200039,Penta County JVSD CTPD,N/A,N/A,Career Technical Planning District,District,Open,Wood,N/A,N/A,"9301 Buck Rd, Perrysburg, Ohio, 43551",(419) 666-1120,N/A,Edward Ewers,eewers@pentacareercenter.org,N/A,Michael Harrigan,N/A,N/A,N/A,N/A,N/A,N/A,N/A
districts.csv,2026-10-09,200044,Great Oaks Career Campuses,N/A,N/A,Career Technical Planning District,District,Open,Hamilton,N/A,N/A,"110 Great Oaks Drive, Cincinnati, Ohio, 45241",N/A,N/A,Harry Snyder III,N/A,N/A,Brian Rabe,rabe.brian@greatoaks.com,N/A,N/A,N/A,N/A,N/A,N/A
districts.csv,2026-10-09,200063,Mahoning County JVSD CTPD,N/A,N/A,Career Technical Planning District,District,Open,Mahoning,N/A,N/A,"7300 N Palmyra Rd, Canfield, Ohio, 44406",N/A,N/A,John Zehentbauer,N/A,N/A,Brian Rella,N/A,N/A,N/A,N/A,N/A,N/A,N/A
districts.csv,2026-10-09,200067,Meigs Local CTPD,N/A,N/A,Career Technical Planning District,District,Open,Meigs,N/A,N/A,"41765 Pomeroy Pike, Pomeroy, Ohio, 45769",N/A,N/A,Shawn Bush,shawn.bush@meigslocal.org,N/A,Ashley Miller,ashley.miller@meigslocal.org,N/A,N/A,N/A,N/A,N/A,N/A
districts.csv,2026-10-09,200074,Morgan Local CTPD,N/A,N/A,Career Technical Planning District,District,Open,Morgan,N/A,N/A,"65 W Union Ave, Mc Connelsville, Ohio, 43756",N/A,N/A,Adam Copeland,N/A,(740) 517-0885,N/A,N/A,N/A,N/A,N/A,N/A,N/A,N/A
districts.csv,2026-10-09,200075,Mid-East Ohio JVSD CTPD,N/A,N/A,Career Technical Planning District,District,Open,Muskingum,N/A,N/A,"400 Richards Rd, Zanesville, Ohio, 43701",N/A,N/A,Matthew Sheridan,msheridan@mideastctc.org,N/A,Nanette Nolder,N/A,N/A,N/A,N/A,N/A,N/A,N/A
districts.csv,2026-10-09,200006,Belmont-Harrison Area JVSD CTPD,N/A,N/A,Career Technical Planning District,District,Open,Belmont,N/A,N/A,"68090 Hammond Rd, Saint Clairsville, Ohio, 43950",N/A,N/A,Heather Austin,heather.austin@bhccenters.com,N/A,Mark Lucas,N/A,N/A,N/A,N/A,N/A,N/A,N/A
districts.csv,2026-10-09,200061,Toledo City CTPD,N/A,N/A,Career Technical Planning District,District,Open,Lucas,N/A,rdurant@tps.org,"1609 N Summit St, Toledo, Ohio, ",(419) 671-0500,N/A,Romules Durant,rdurant@tps.org,N/A,Ryan Stechschulte,rstechsc@tps.org,N/A,N/A,N/A,N/A,N/A,N/A
districts.csv,2026-10-09,200062,Washington Local CTPD,N/A,N/A,Career Technical Planning District,District,Open,Lucas,N/A,N/A,"3505 W Lincolnshire Blvd, Toledo, Ohio, 43606",N/A,N/A,Kristine Martin,kmartin@wls4kids.org,N/A,Jeffery Fouke,N/A,N/A,N/A,N/A,N/A,N/A,N/A
districts.csv,2026-10-09,200084,Pickaway-Ross County JVSD CTPD,N/A,N/A,Career Technical Planning District,District,Open,Ross,www.pickawayross.com,N/A,"895 Crouse Chapel Rd, Chillicothe, Ohio, 45601",N/A,N/A,Jonathan Davis,N/A,N/A,Todd Stahr,todd.stahr@pickawayross.com,N/A,N/A,N/A,N/A,N/A,N/A
districts.csv,2026-10-09,200097,Six District Voc Ed Compact CTPD,N/A,N/A,Career Technical Planning District,District,Open,Summit,N/A,N/A,"2400 Hudson Aurora Rd, Hudson, Ohio, 44236",N/A,N/A,Mary Jane Stanchina,N/A,N/A,Phillip Butto IV,buttop@hudson.k12.oh.us,N/A,N/A,N/A,N/A,N/A,N/A
districts.csv,2026-10-09,200099,Trumbull County JVSD CTPD,N/A,N/A,Career Technical Planning District,District,Open,Trumbull,N/A,N/A,"528 Educational Hwy NW, Warren, Ohio, 44483",N/A,N/A,Jason Gray,jason.gray@tctchome.com,N/A,Cody Holecko,cody.holecko@tctchome.com,N/A,N/A,N/A,N/A,N/A,N/A
districts.csv,2026-10-09,200104,Washington County JVSD CTPD,N/A,N/A,Career Technical Planning District,District,Open,Washington,N/A,N/A,"21740 State Route 676, Marietta, Ohio, 45750",N/A,N/A,Anthony Huffman,thuffman@thecareercenter.net,N/A,Joseph Crone,jcrone@thecareercenter.net,N/A,N/A,N/A,N/A,N/A,N/A
districts.csv,2026-10-09,200117,Greenville City CTPD,N/A,N/A,Career Technical Planning District,District,Open,Darke,N/A,csykes@gcswave.com,"215 W 4th St, Greenville, Ohio, 45331",(937) 548-4188,(937) 548-4840,Julie Jones,N/A,N/A,Jennifer Bruns,N/A,N/A,N/A,N/A,N/A,N/A,N/A
districts.csv,2026-10-09,043497,Alliance City,N/A,N/A,Traditional Public District,District,Open,Stark,http://www.alliancecityschools.org/,greweji@alliancecityschools.org,"500 Glamorgan St, Alliance, Ohio, 44601",(330) 821-2100,(330) 821-0202,Robert Gress,gressro@alliancecityschools.org,N/A,Kirk Heath,heathki@alliancecityschools.org,N/A,N/A,N/A,N/A,050765,Ohio Department of Education and Workforce
districts.csv,2026-10-09,043513,Ashtabula Area City,N/A,N/A,Traditional Public District,District,Open,Ashtabula,http://www.aacs.net/,lisa.newsome@aacs.net,"541 W 34th St, Ashtabula, Ohio, 44004",(440) 992-1201,(440) 992-1209,Lisa Newsome,lisa.newsome@aacs.net,N/A,Mark Astorino,N/A,N/A,N/A,N/A,N/A,050765,Ohio Department of Education and Workforce
districts.csv,2026-10-09,043588,Bellefontaine City ,N/A,N/A,Traditional Public District,District,Open,Logan,http://www.bellefontaine.k12.oh.us/,N/A,"820 Ludlow Rd, Bellefontaine, Ohio, 43311",(937) 593-9060,(937) 599-1346,Bradley Hall,hallb@bcs-k12.org,N/A,Joshua Wasson,N/A,N/A,N/A,N/A,N/A,050765,Ohio Department of Education and Workforce
districts.csv,2026-10-09,043596,Bellevue City,N/A,N/A,Traditional Public District,District,Open,Huron,http://www.bellevueschools.org/,N/A,"125 North St, Bellevue, Ohio, 44811",(419) 484-5000,(419) 483-0723,Nathan Artino,nate.artino@bellevueschools.org,(419) 484-5000,TAMMY FLICKER,N/A,N/A,N/A,N/A,N/A,050765,Ohio Department of Education and Workforce
districts.csv,2026-10-09,200004,Ashtabula County Technical and Career Center  CTPD,N/A,N/A,Career Technical Planning District,District,Open,Ashtabula,N/A,N/A,"1565 State Route 167, Jefferson, Ohio, 44047",N/A,N/A,Richard Wludyga,scott.wludyga@atech.edu,N/A,Lindsey Elly,N/A,N/A,N/A,N/A,N/A,N/A,N/A
districts.csv,2026-10-09,200007,Southern Hills JVSD CTPD,N/A,N/A,Career Technical Planning District,District,Open,Brown,www.shctc.us,kevin.kratzer@shctc.us,"9193 Hamer Rd, Georgetown, Ohio, 45121",(937) 378-6131,(937) 378-4577,Kevin Kratzer,N/A,N/A,Kari Barnes,N/A,N/A,N/A,N/A,N/A,N/A,N/A
districts.csv,2026-10-09,200036,Eastland JVSD CTPD,N/A,N/A,Career Technical Planning District,District,Open,Franklin,N/A,sgroves@efcts.us,"4300 Amalgamated Pl Ste 150, Groveport, Ohio, 43125",(614) 836-4530,N/A,Shelley Groves,sgroves@efcts.us,N/A,Dawn Lemley,N/A,N/A,N/A,N/A,N/A,N/A,N/A
districts.csv,2026-10-09,200054,Lawrence County JVSD CTPD,N/A,N/A,Career Technical Planning District,District,Open,Lawrence,N/A,acgartin@collins-cc.edu,"11627 State Route 243, Chesapeake, Ohio, 45619",(740) 867-6641,N/A,Adam Pittis,pittisam@collins-cc.edu,(740) 744-1315,Brad Carpenter,N/A,N/A,N/A,N/A,N/A,N/A,N/A
districts.csv,2026-10-09,200064,Youngstown City CTPD,N/A,N/A,Career Technical Planning District,District,Open,Mahoning,N/A,justin.jennings@youngstown.k12.oh.us,"474 Bennington Ave, Youngstown, Ohio, 44505",(330) 744-6900,N/A,Jeremy Batchelor,jeremy.batchelor@youngstown.k12.oh.us,(330) 744-6900,N/A,N/A,N/A,N/A,N/A,N/A,N/A,N/A
districts.csv,2026-10-09,200069,Upper Valley JVSD CTPD,N/A,N/A,Career Technical Planning District,District,Open,Miami,N/A,N/A,"8811 Career Dr, Piqua, Ohio, 45356",N/A,N/A,Jason Haak,N/A,N/A,Anthony Fraley,N/A,N/A,N/A,N/A,N/A,N/A,N/A
districts.csv,2026-10-09,200093,Stark County Career Compact,N/A,N/A,Career Technical Planning District,District,Open,Stark,N/A,N/A,"901 44th St NW, Canton, Ohio, 44709",N/A,N/A,Brent May,mayb@plainlocal.org,N/A,Todd Tolson,N/A,N/A,N/A,N/A,N/A,N/A,N/A
districts.csv,2026-10-09,200096,Four City Compact CTPD,N/A,N/A,Career Technical Planning District,District,Open,Medina,N/A,N/A,"524 Broad St, Wadsworth, Ohio, 44281",(330) 335-1309,N/A,Andrew Hill,ahill@wadsworthschools.org,N/A,Douglas Beeman,dbeeman@wadsworthschools.org,N/A,N/A,N/A,N/A,N/A,N/A
districts.csv,2026-10-09,200120,Centerville-Kettering-Oakwood CTPD,N/A,N/A,Career Technical Planning District,District,Open,Montgomery,N/A,nicole.will@ketteringschools.org,"580 Lincoln Park Blvd Ste 105, Kettering, Ohio, 45429",(937) 499-1632,N/A,Melinda Mccarty-Stewart,mindy.mccarty-stewart@ketteringschools.org,N/A,Justin Blevins,justin.blevins@ketteringschools.org,N/A,N/A,N/A,N/A,N/A,N/A
districts.csv,2026-10-09,200121,Tri Star CTPD,N/A,N/A,Career Technical Planning District,District,Open,Mercer,N/A,brooke.gessler@celinaschools.org,"585 E Livingston St, Celina, Ohio, 45822",N/A,N/A,Brooke Gessler,brooke.gessler@celinaschools.org,N/A,Michelle Mawer,michelle.mawer@celinaschools.org,N/A,N/A,N/A,N/A,N/A,N/A
districts.csv,2026-10-09,043489,Akron City,N/A,N/A,Traditional Public District,District,Open,Summit,http://www.akronschools.com/,N/A,"10 N Main St, Akron, Ohio, 44308",(330) 761-1661,(330) 761-3225,Mary Outley-Kelly,moutley@akron.k12.oh.us,N/A,R. Wayne Bowers,N/A,N/A,N/A,N/A,N/A,043489,Akron City
districts.csv,2026-10-09,043505,Ashland City,N/A,N/A,Traditional Public District,District,Open,Ashland,http://ashlandcityschools.org/,N/A,"1407 Claremont Ave, Ashland, Ohio, 44805",(419) 289-1117,(419) 289-9534,Steven Paramore,stparamo@goarrows.org,N/A,Kyle Klingler,N/A,N/A,N/A,N/A,N/A,050765,Ohio Department of Education and Workforce
districts.csv,2026-10-09,043562,Bedford City,N/A,N/A,Traditional Public District,District,Open,Cuyahoga,http://www.bedfordschools.org/,bloomis@bedfordschools.org,"3 Hemisphere Way, Bedford, Ohio, 44146",(440) 439-1500,(440) 439-4850,Thomas Evans,tevans@bedfordschools.org,N/A,Taylor Friedrich,N/A,N/A,N/A,N/A,N/A,050765,Ohio Department of Education and Workforce
districts.csv,2026-10-09,043661,Brunswick City,N/A,N/A,Traditional Public District,District,Open,Medina,http://www.bcsoh.org/,sbare@bcsoh.org,"1049 Hadcock Rd, Brunswick, Ohio, 44212",(330) 225-7731,(330) 273-0507,Jason Niedermeyer,jniedermeyer@bcsoh.org,N/A,Mark Pepera,mpepera@bcsoh.org,N/A,N/A,N/A,N/A,050765,Ohio Department of Education and Workforce
districts.csv,2026-10-09,043679,Bryan City,N/A,N/A,Traditional Public District,District,Open,Williams,http://www.bryan.k12.oh.us/,N/A,"1350 Fountain Grove Dr, Bryan, Ohio, 43506",(419) 636-6973,(419) 633-6280,Mark Rairigh,mrairigh@bryanschools.net,N/A,Kevin Schafer,N/A,N/A,N/A,N/A,N/A,050765,Ohio Department of Education and Workforce
districts.csv,2026-10-09,043745,Chillicothe City,N/A,N/A,Traditional Public District,District,Open,Ross,http://www.chillicothe.k12.oh.us/,N/A,"425 Yoctangee Pkwy, Chillicothe, Ohio, 45601",(740) 775-4250,N/A,Kathleen Payne,N/A,N/A,Nicholas Rose,nick.rose@ccsd.us,(740) 775-4250,N/A,N/A,N/A,050765,Ohio Department of Education and Workforce
districts.csv,2026-10-09,043810,Conneaut Area City,N/A,N/A,Traditional Public District,District,Open,Ashtabula,http://www.cacsk12.org/,lriley@cacsk12.org,"230 Gateway Ave Ste B, Conneaut, Ohio, 44030",(440) 593-7200,(440) 593-6253,Lori Riley,N/A,N/A,Robin McKee,N/A,N/A,N/A,N/A,N/A,050765,Ohio Department of Education and Workforce
districts.csv,2026-10-09,043836,Cuyahoga Falls City School District,N/A,N/A,Traditional Public District,District,Open,Summit,http://www.cfalls.org/,cf_celicoa@cftigers.org,"405 Tallmadge Rd Ste 2201, Cuyahoga Falls, Ohio, 44221",(330) 926-3800,(330) 920-1074,Andrea Celico,N/A,N/A,Kristy Stoicoiu,cf_stoicoiuk@cftigers.org,N/A,N/A,N/A,N/A,050765,Ohio Department of Education and Workforce
districts.csv,2026-10-09,043844,Dayton City,N/A,N/A,Traditional Public District,District,Open,Montgomery,http://www.daytonpublic/,dlawrence@daytonpublic.com,"136 S Ludlow St, Dayton, Ohio, 45402",(937) 542-3000,(937) 542-3188,David Lawrence,N/A,N/A,Hiwot Abraha,hiabraha@daytonpublic.com,N/A,N/A,N/A,N/A,050765,Ohio Department of Education and Workforce
districts.csv,2026-10-09,043901,East Cleveland City School District,N/A,N/A,Traditional Public District,District,Open,Cuyahoga,http://www.east-cleveland.k12.oh.us/,N/A,"1843 Stanwood Rd, East Cleveland, Ohio, 44112",(216) 268-6600,(216) 268-6676,Henry Pettiegrew,hpettiegrew@eastclevelandschools.org,N/A,Diana Whitt,dwhitt@eastclevelandschools.org,N/A,N/A,N/A,N/A,050765,Ohio Department of Education and Workforce
districts.csv,2026-10-09,044081,Winton Woods City,N/A,N/A,Traditional Public District,District,Open,Hamilton,http://www.wintonwoods.org/,denny.steve@wintonwoods.org,"825 Waycross Rd Ste A, Cincinnati, Ohio, 45240",(513) 619-2300,(513) 619-2309,Steven Denny,denny.steve@wintonwoods.org,N/A,Randy Seymour,N/A,N/A,N/A,N/A,N/A,050765,Ohio Department of Education and Workforce
districts.csv,2026-10-09,044255,London City,N/A,N/A,Traditional Public District,District,Open,Madison,http://www.london.k12.oh.us/,charles.thiel@london.k12.oh.us,"380 Elm St 2nd Fl, London, Ohio, 43140",(740) 852-5700,(740) 845-3282,Charles Thiel,charles.thiel@london.k12.oh.us,N/A,Kristine Blind,kristine.blind@london.k12.oh.us,N/A,N/A,N/A,N/A,050765,Ohio Department of Education and Workforce
districts.csv,2026-10-09,044321,Marietta City,N/A,N/A,Traditional Public District,District,Open,Washington,http://www.marietta-city.org/,mariettacityschools.k12.oh.us,"111 Academy Dr, Marietta, Ohio, 45750",(740) 374-6500,(740) 374-6506,MARY SCHAEFFER,mschaeffer@mariettacsdoh.org,N/A,Franklin Antill,N/A,N/A,N/A,N/A,N/A,050765,Ohio Department of Education and Workforce
districts.csv,2026-10-09,043570,Bellaire Local,N/A,N/A,Traditional Public District,District,Open,Belmont,http://www.bellaire.k12.oh.us/,khart@bellairesd.org,"340 34th St, Bellaire, Ohio, 43906",(740) 676-1826,N/A,PETER MCAFEE,N/A,N/A,Cathy Moore,N/A,N/A,N/A,N/A,N/A,050260,East Central Ohio ESC
districts.csv,2026-10-09,043687,Bucyrus City,N/A,N/A,Traditional Public District,District,Open,Crawford,http://bucyrusschools.org/,N/A,"170 Plymouth St, Bucyrus, Ohio, 44820",(419) 562-4045,(419) 562-3990,Robert Britton,N/A,N/A,Lisa Thoman-Cha,N/A,N/A,N/A,N/A,N/A,050765,Ohio Department of Education and Workforce
districts.csv,2026-10-09,043737,Centerville City,N/A,N/A,Traditional Public District,District,Open,Montgomery,http://www.centerville.k12.oh.us/,N/A,"111 Virginia Ave, Centerville, Ohio, 45458",(937) 433-8841,(937) 438-6057,Jon Wesney,N/A,N/A,Laura Sauber,lsauber@sharedresourcecenter.org,N/A,N/A,N/A,N/A,050765,Ohio Department of Education and Workforce
districts.csv,2026-10-09,043760,Circleville City,N/A,N/A,Traditional Public District,District,Open,Pickaway,http://circlevillecityschools.org/,N/A,"388 Clark Dr, Circleville, Ohio, 43113",(740) 474-4340,(740) 474-6600,Kimberly Halley,N/A,N/A,Aaron Schirm,N/A,N/A,N/A,N/A,N/A,050765,Ohio Department of Education and Workforce
districts.csv,2026-10-09,043919,East Liverpool City,N/A,N/A,Traditional Public District,District,Open,Columbiana,http://www.elcsd.k12.oh.us/,anson.wiegand@elpotters.school,"810 W 8th St, East Liverpool, Ohio, 43920",(330) 385-7132,N/A,Jonathan Ludwig,jonathan.ludwig@elpotters.school,N/A,Anson Wiegand,N/A,N/A,N/A,N/A,N/A,050765,Ohio Department of Education and Workforce
districts.csv,2026-10-09,043927,East Palestine City,N/A,N/A,Traditional Public District,District,Open,Columbiana,http://www.myepschools.org/,N/A,"200 West North Avenue, East Palestine, Ohio, 44413",(330) 426-4191,(330) 426-9592,James Rook,james.rook@epschools.k12.oh.us,N/A,Rick Ellis,N/A,N/A,N/A,N/A,N/A,050765,Ohio Department of Education and Workforce
districts.csv,2026-10-09,043935,Eaton Community City,N/A,N/A,Traditional Public District,District,Open,Preble,http://www.eaton.k12.oh.us,mdixon@eaton.k12.oh.us,"306 Eaton Lewisburg Rd, Eaton, Ohio, 45320",(937) 456-1107,(937) 472-1057,Scott Couch,scouch@eaton.k12.oh.us,N/A,Rachel Tait,N/A,N/A,N/A,N/A,N/A,050765,Ohio Department of Education and Workforce
districts.csv,2026-10-09,044016,Fremont City,N/A,N/A,Traditional Public District,District,Open,Sandusky,http://www.fremontschools.net/,millermm@fremontschools.net,"500 W State St, Fremont, Ohio, 43420",(419) 332-6454,(419) 334-5454,Denice Hirt,hirtd@fremontschools.net,N/A,Megan Parkhurst,parkhurstm@fremontschools.net,N/A,N/A,N/A,N/A,050765,Ohio Department of Education and Workforce
districts.csv,2026-10-09,044065,Girard City School District,N/A,N/A,Traditional Public District,District,Open,Trumbull,http://girardcityschools.org/,bryan.ohara@girardcityschools.org,"100 W Main St Ste 2, Girard, Ohio, 44420",(330) 545-2596,(330) 545-2597,Bryan Ohara,bryan.ohara@girardcityschools.org,N/A,Maureen Lloyd,N/A,N/A,N/A,N/A,N/A,050765,Ohio Department of Education and Workforce
districts.csv,2026-10-09,044099,Greenville City ,N/A,N/A,Traditional Public District,District,Open,Darke,http://www.greenville.k12.oh.us/,N/A,"215 W 4th St, Greenville, Ohio, 45331",N/A,() 548-6943,Julie Jones,N/A,N/A,Kenneth McHone,kenmchone@gcswave.com,N/A,N/A,N/A,N/A,050765,Ohio Department of Education and Workforce
districts.csv,2026-10-09,044339,Marion City,N/A,N/A,Traditional Public District,District,Open,Marion,http://www.marioncityschools.org/,acampbell@mcspresidents.org,"910 E Church St, Marion, Ohio, 43302",(740) 223-4402,N/A,Brian Murphy,bmurphy@mcspresidents.org,(740) 223-4402,James Corbeil,jcorbeil@mcspresidents.org,(740) 223-4378,N/A,N/A,N/A,050765,Ohio Department of Education and Workforce
districts.csv,2026-10-09,044495,Niles City,N/A,N/A,Traditional Public District,District,Open,Trumbull,http://www.nilescityschools.org/,sean.miller@nilesmckinley.org,"309 N Rhodes Ave, Niles, Ohio, 44446",(330) 989-5095,(330) 989-5096,Ann Marie Thigpen,annmarie.thigpen@nilesmckinley.org,N/A,Sean Miller,sean.miller@nilesmckinley.org,N/A,N/A,N/A,N/A,050765,Ohio Department of Education and Workforce
districts.csv,2026-10-09,044594,Oberlin City Schools,N/A,N/A,Traditional Public District,District,Open,Lorain,http://www.oberlinschools.net/,N/A,"153 N Main St, Oberlin, Ohio, 44074",(440) 774-1458,(440) 774-4492,David Hall,N/A,N/A,Robert Rinehart,N/A,N/A,N/A,N/A,N/A,050765,Ohio Department of Education and Workforce
districts.csv,2026-10-09,044685,Ravenna City,N/A,N/A,Traditional Public District,District,Open,Portage,http://www.ravennaschools.us/,chris.retherford@ravennaschools.us,"534 Summit St, Ravenna, Ohio, 44266",(330) 296-9679,(330) 297-4158,Benjamin Ribelin,ben.ribelin@ravennaschools.us,N/A,Kristen Plageman,kristen.plageman@ravennaschools.us,N/A,N/A,N/A,N/A,050765,Ohio Department of Education and Workforce
districts.csv,2026-10-09,044743,Sandusky City,N/A,N/A,Traditional Public District,District,Open,Erie,http://www.sandusky-city.k12.oh.us/,N/A,"407 Decatur St, Sandusky, Ohio, 44870",(419) 984-1004,(419) 621-2784,Luther Johnson,lejohnsonjr@scsbluestreaks.net,(330) 607-7452,Yvonne anderson,yanderson@scsbluestreaks.net,N/A,N/A,N/A,N/A,050765,Ohio Department of Education and Workforce
districts.csv,2026-10-09,044750,Shaker Heights City,N/A,N/A,Traditional Public District,District,Open,Cuyahoga,http://www.shaker.org/,N/A,"15600 Parkland Dr, Shaker Heights, Ohio, 44120",(216) 295-1400,(216) 295-4340,David Glasner,glasner_d@shaker.org,N/A,Donte Hayes,hayes_d@shaker.org,N/A,N/A,N/A,N/A,050765,Ohio Department of Education and Workforce
districts.csv,2026-10-09,044834,Stow-Munroe Falls City School District,N/A,N/A,Traditional Public District,District,Open,Summit,http://www.smfschools.org/,N/A,"4350 Allen Rd, Stow, Ohio, 44224",(330) 689-5445,(330) 689-5448,Felisha Gould,st_fgould@smfcsd.org,N/A,Eric Soltis,N/A,N/A,N/A,N/A,N/A,050765,Ohio Department of Education and Workforce
districts.csv,2026-10-09,044917,Toronto City,N/A,N/A,Traditional Public District,District,Open,Jefferson,www.torontocsd.org,sarah.lamantia@torontocityschools.com,"1307 Dennis Way, Toronto, Ohio, 43964",(740) 537-2456,(740) 537-1102,Maureen Taggart,maureen.taggart@torontocityschools.com,N/A,Kayla Whitlatch,N/A,N/A,N/A,N/A,N/A,050765,Ohio Department of Education and Workforce
districts.csv,2026-10-09,044990,Warren City,N/A,N/A,Traditional Public District,District,Open,Trumbull,http://www.warrencityschools.org,N/A,"105 High Street, Warren, Ohio, 44481",(330) 841-2321,(330) 841-2434,Stephen Chiaro,Steve.chiaro@warrencityschools.org,N/A,Karen Sciortino,karen.sciortino@warrencityschools.org,N/A,N/A,N/A,N/A,050765,Ohio Department of Education and Workforce
districts.csv,2026-10-09,045088,Wickliffe City,N/A,N/A,Traditional Public District,District,Open,Lake,http://www.wickliffeschools.org/,N/A,"2221 Rockefeller Rd, Wickliffe, Ohio, 44092",(440) 943-6900,(440) 943-7738,Michael Chokshi,michael.chokshi@wickliffecsd.org,N/A,Lewis Galante,N/A,(216) 233-4498,N/A,N/A,N/A,050765,Ohio Department of Education and Workforce
districts.csv,2026-10-09,044156,Jackson City,N/A,N/A,Traditional Public District,District,Open,Jackson,http://jcs.k12.oh.us/,N/A,"450 Vaughn St, Jackson, Ohio, 45640",(740) 286-6442,(740) 286-6445,Phillip Howard,N/A,N/A,Teresa McGinnis,tmcginnis@jcs.k12.oh.us,N/A,N/A,N/A,N/A,050765,Ohio Department of Education and Workforce
districts.csv,2026-10-09,044164,Kent City,N/A,N/A,Traditional Public District,District,Open,Portage,http://www.kentschools.net/,jbish@kentschools.net,"321 N Depeyster St, Kent, Ohio, 44240",(330) 676-7600,(330) 677-6166,Thomas Larkin,tlarkin@kentschools.net,N/A,Erin VanMeter,evanmeter@kentschools.net,N/A,N/A,N/A,N/A,050765,Ohio Department of Education and Workforce
districts.csv,2026-10-09,044172,Kenton City,N/A,N/A,Traditional Public District,District,Open,Hardin,http://www.kentoncityschools.org/,dickersonl@kentoncityschools.org,"200 Harding Ave, Kenton, Ohio, 43326",(419) 673-0775,(419) 673-3180,Chad Thrush,thrushc@kentoncityschools.org,N/A,Jill Smith,N/A,N/A,N/A,N/A,N/A,050765,Ohio Department of Education and Workforce
districts.csv,2026-10-09,044313,Mariemont City,N/A,N/A,Traditional Public District,District,Open,Hamilton,http://www.mariemontschools.org/,emeinking@mariemontschools.org,"2 Warrior Way, Cincinnati, Ohio, 45227",(513) 272-7500,(513) 527-3436,Steven Estepp,N/A,N/A,Thomas Golinar,tgolinar@mariemontschools.org,N/A,N/A,N/A,N/A,050765,Ohio Department of Education and Workforce
districts.csv,2026-10-09,044347,Martins Ferry City,N/A,N/A,Traditional Public District,District,Open,Belmont,http://mfcsd.k12.oh.us/,N/A,"5001 Ayers Limestone Rd, Martins Ferry, Ohio, 43935",(740) 633-1732,(740) 633-5666,Larry Mamone II,joe.mamone@mfcsd.org,N/A,Holly Skulich,N/A,(740) 633-1732,N/A,N/A,N/A,050765,Ohio Department of Education and Workforce
districts.csv,2026-10-09,044404,Middletown City,N/A,N/A,Traditional Public District,District,Open,Butler,http://www.middletowncityschools.com/,mtuttle@middletowncityschools.com,"1 Donham Plz 4th Fl, Middletown, Ohio, 45042",(513) 423-0781,(513) 420-4579,Gary Card,elgincard@middletowncityschools.com,N/A,LANA FAIRCHILD,lfairchild@middletowncityschools.com,N/A,N/A,N/A,N/A,050765,Ohio Department of Education and Workforce
districts.csv,2026-10-09,044420,Mount Vernon City,N/A,N/A,Traditional Public District,District,Open,Knox,https://www.mt-vernon.k12.oh.us,N/A,"300 Newark Rd, Mount Vernon, Ohio, 43050",(740) 397-7422,(740) 393-5949,William Seder,bseder@mvcsd.us,N/A,Courtney Roberts,croberts@mvcsd.us,(740) 397-7422,N/A,N/A,N/A,050765,Ohio Department of Education and Workforce
districts.csv,2026-10-09,044511,North College Hill City,N/A,N/A,Traditional Public District,District,Open,Hamilton,http://www.northcollegehill.org/,N/A,"1731 Goodman Ave, Cincinnati, Ohio, 45239",(513) 931-8181,(513) 728-4774,Eugene Blalock,N/A,N/A,Ryan Pendleton,N/A,N/A,N/A,N/A,N/A,050765,Ohio Department of Education and Workforce
districts.csv,2026-10-09,044578,Norwood City ,N/A,N/A,Traditional Public District,District,Open,Hamilton,http://www.norwoodschools.org/,N/A,"2132 Williams Ave, Norwood, Ohio, 45212",(513) 924-2500,(513) 396-6420,Joseph Westendorf,westendorf.j@norwoodschools.org,(513) 924-2500,Brandon Johnson,johnson.j@norwoodschools.org,N/A,N/A,N/A,N/A,050765,Ohio Department of Education and Workforce
districts.csv,2026-10-09,044669,Portsmouth City,N/A,N/A,Traditional Public District,District,Open,Scioto,http://www.portsmouthtrojans.org/,N/A,"724 Findlay St, Portsmouth, Ohio, 45662",(740) 354-4727,(740) 354-8872,Matthew McCorkle,Matthew.mccorkle@portsmouthtrojans.net,N/A,Andrew Riehl,andy.riehl@portsmouthtrojans.net,N/A,N/A,N/A,N/A,050765,Ohio Department of Education and Workforce
districts.csv,2026-10-09,200094,Stark County Area JVSD CTPD,N/A,N/A,Career Technical Planning District,District,Open,Stark,N/A,N/A,"2800 Richville Dr SE, Massillon, Ohio, 44646",N/A,N/A,Daniel Murphy,daniel.murphy@rgdrage.org,N/A,Jason Schatzel,jason.schatzel@cantonlocal.org,N/A,N/A,N/A,N/A,N/A,N/A
districts.csv,2026-10-09,200095,Akron City CTPD,N/A,N/A,Career Technical Planning District,District,Open,Summit,N/A,N/A,"10 N Main St, Akron, Ohio, 44308",N/A,N/A,Mary Outley-Kelly,moutley@akron.k12.oh.us,N/A,R. Wayne Bowers,N/A,N/A,N/A,N/A,N/A,N/A,N/A
districts.csv,2026-10-09,200103,Warren County JVSD CTPD,N/A,N/A,Career Technical Planning District,District,Open,Warren,www.mywccc.org,joel.king@mywccc.org,"3525 N State Route 48, Lebanon, Ohio, 45036",(513) 932-5677,N/A,Joel King,joel.king@mywccc.org,N/A,N/A,N/A,N/A,N/A,N/A,N/A,N/A,N/A
districts.csv,2026-10-09,200108,Coshocton County JVSD CTPD,N/A,N/A,Career Technical Planning District,District,Open,Coshocton,N/A,N/A,"23640 County Road 202, Coshocton, Ohio, 43812",N/A,N/A,Matthew Colvin,matt.colvin@cccareer.org,N/A,Tamara Hess,tammy.hess@cccareer.org,N/A,N/A,N/A,N/A,N/A,N/A
districts.csv,2026-10-09,200116,Millstream Career Cooperative CTPD,N/A,N/A,Career Technical Planning District,District,Open,Hancock,N/A,N/A,"1150 Broad Ave, Findlay, Ohio, 45840",N/A,N/A,Ethan Hatton,ahatton@findlaycityschools.org,N/A,Pam Harrington,N/A,N/A,N/A,N/A,N/A,N/A,N/A
districts.csv,2026-10-09,043521,Athens City School District,N/A,N/A,Traditional Public District,District,Open,Athens,http://www.athenscsd.org,cspringer@athenscsd.org,"21 Birge Dr, Chauncey, Ohio, 45719",(740) 797-4544,(740) 797-2486,Chad Springer,cspringer@athenscsd.org,N/A,Jared Bunting,N/A,N/A,N/A,N/A,N/A,050765,Ohio Department of Education and Workforce
districts.csv,2026-10-09,043554,Beachwood City,N/A,N/A,Traditional Public District,District,Open,Cuyahoga,http://www.beachwoodschools.org/,bison@beachwoodschools.org,"24601 Fairmount Blvd, Beachwood, Ohio, 44122",(216) 464-2600,(216) 763-0414,Robert Hardis,rph@beachwoodschools.org,N/A,Matthew Brown,N/A,N/A,N/A,N/A,N/A,050765,Ohio Department of Education and Workforce
districts.csv,2026-10-09,043620,Bexley City,N/A,N/A,Traditional Public District,District,Open,Franklin,https://www.bexley.us/,caroline.rogers@bexley.us,"348 S Cassingham Rd, Bexley, Ohio, 43209",(614) 231-7611,(614) 231-8448,Katherine Nowak,katie.nowak@bexley.us,(614) 333-9603,Kyle Smith,N/A,N/A,N/A,N/A,N/A,050765,Ohio Department of Education and Workforce
districts.csv,2026-10-09,043646,Brecksville-Broadview Heights City,N/A,N/A,Traditional Public District,District,Open,Cuyahoga,http://www.bbhcsd.org/,N/A,"6638 Mill Rd, Brecksville, Ohio, 44141",(440) 740-4000,(440) 740-4004,Jeffrey Harrison,harrisonj@bbhcsd.org,N/A,Craig Yaniglos,N/A,N/A,N/A,N/A,N/A,050765,Ohio Department of Education and Workforce
districts.csv,2026-10-09,043794,Cleveland Heights-University Heights City,N/A,N/A,Traditional Public District,District,Open,Cuyahoga,http://www.chuh.org/,s_patton@chuh.org,"2155 Miramar Blvd, University Heights, Ohio, 44118",(216) 371-7171,(216) 397-3698,Elizabeth Kirby,e_kirby@chuh.org,N/A,Angele Latham,N/A,N/A,N/A,N/A,N/A,050765,Ohio Department of Education and Workforce
districts.csv,2026-10-09,043877,Delaware City,N/A,N/A,Traditional Public District,District,Open,Delaware,http://www.dcs.k12.oh.us/,stewarlo@delawarecityschools.net,"74 W William St, Delaware, Ohio, 43015",(740) 833-1100,(740) 833-1799,Keith Pomeroy,N/A,N/A,Jill Corwin,N/A,N/A,N/A,N/A,N/A,050765,Ohio Department of Education and Workforce
districts.csv,2026-10-09,200090,Canton City CTPD,N/A,N/A,Career Technical Planning District,District,Open,Stark,N/A,hatcher_t@ccsdistrict.org,"521 Tuscarawas St W, Canton, Ohio, 44702",N/A,N/A,Jeffery Talbert,talbert_j2@ccsdistrict.org,N/A,Jeffrey Gruber,gruber_j@ccsdistrict.org,N/A,N/A,N/A,N/A,N/A,N/A
districts.csv,2026-10-09,200101,Buckeye JVSD CTPD,N/A,N/A,Career Technical Planning District,District,Open,Tuscarawas,N/A,N/A,"545 University Dr NE, New Philadelphia, Ohio, 44663",N/A,N/A,Robert Alsept,balsept@buckeyecareercenter.org,N/A,Cheryl Malik,N/A,N/A,N/A,N/A,N/A,N/A,N/A
districts.csv,2026-10-09,200102,Vantage JVSD CTPD,N/A,N/A,Career Technical Planning District,District,Open,Van Wert,N/A,N/A,"818 N Franklin St, Van Wert, Ohio, 45891",N/A,N/A,Rick Turner,turner.r@vantagecareercenter.com,N/A,DENISE Mooney,mooney.d@vantagecareercenter.com,N/A,N/A,N/A,N/A,N/A,N/A
districts.csv,2026-10-09,200111,Tri-Rivers JVSD CTPD,N/A,N/A,Career Technical Planning District,District,Open,Marion,N/A,N/A,"2222 Marion Mount Gilead Rd, Marion, Ohio, 43302",N/A,() 725-9183,Daniel Kaffenbarger,N/A,(740) 389-4681,Tammi Cowell,tcowell@tririvers.com,N/A,N/A,N/A,N/A,N/A,N/A
districts.csv,2026-10-09,200115,Canton Local CTPD,N/A,N/A,Career Technical Planning District,District,Open,Stark,N/A,N/A,"4526 Ridge Ave SE, Canton, Ohio, 44707",N/A,N/A,Larry Tausch,N/A,N/A,Jason Schatzel,jason.schatzel@cantonlocal.org,N/A,N/A,N/A,N/A,N/A,N/A
districts.csv,2026-10-09,200602,Career Technical Planning District 602,N/A,N/A,Career Technical Planning District,District,Open,Franklin,N/A,Ryan.Bacon@odrc.state.oh.us,"4545 Fisher Rd, Columbus, Ohio, 43228",N/A,N/A,Jennifer Sanders,N/A,N/A,Robin Long,robin.long@drc.ohio.gov,N/A,N/A,N/A,N/A,N/A,N/A
districts.csv,2026-10-09,043604,Belpre City,N/A,N/A,Traditional Public District,District,Open,Washington,http://www.belpre.k12.oh.us/,N/A,"2014 Rockland Ave, Belpre, Ohio, 45714",(740) 423-9511,(740) 423-3050,Jeffrey Greenley,N/A,N/A,Lance Erlwein,N/A,N/A,N/A,N/A,N/A,050765,Ohio Department of Education and Workforce
districts.csv,2026-10-09,043729,Celina City,N/A,N/A,Traditional Public District,District,Open,Mercer,http://www.celinaschools.org/,CelinaSchools.org,"585 E Livingston St, Celina, Ohio, 45822",(419) 586-8300,(419) 586-7046,Brooke Gessler,brooke.gessler@celinaschools.org,N/A,Michelle Mawer,michelle.mawer@celinaschools.org,N/A,N/A,N/A,N/A,050765,Ohio Department of Education and Workforce
districts.csv,2026-10-09,043786,Cleveland Municipal,N/A,N/A,Traditional Public District,District,Open,Cuyahoga,http://clevelandmetroschools.org/,N/A,"1111 Superior Ave E, Cleveland, Ohio, 44114",(216) 838-0000,(216) 436-5145,Warren Morgan II,warren.morgan@clevelandmetroschools.org,N/A,Robert Stockdale,N/A,N/A,N/A,N/A,N/A,043786,Cleveland Municipal
districts.csv,2026-10-09,043851,Deer Park Community City,N/A,N/A,Traditional Public District,District,Open,Hamilton,http://www.deerparkcityschools.org/,robertson.m@dpccsd.org,"8688 Donna Ln, Cincinnati, Ohio, 45236",(513) 891-0222,(513) 891-2930,James Stoll,N/A,N/A,Jeffrey Lewis,N/A,N/A,N/A,N/A,N/A,050765,Ohio Department of Education and Workforce
districts.csv,2026-10-09,043869,Defiance City,N/A,N/A,Traditional Public District,District,Open,Defiance,http://www.defiancecityschools.org/,RMorton@defianceschools.net,"801 S Clinton St, Defiance, Ohio, 43512",(419) 782-0070,(419) 782-4395,Robert Morton,rmorton@defianceschools.net,N/A,Cheryl Swisher,cswisher@defianceschools.net,N/A,N/A,N/A,N/A,050765,Ohio Department of Education and Workforce
districts.csv,2026-10-09,043950,Euclid City,N/A,N/A,Traditional Public District,District,Open,Cuyahoga,http://euclidschools.org/,kbrown@euclidschools.org,"651 E 222nd St, Euclid, Ohio, 44123",(216) 261-2900,N/A,Karen Brown,kbrown@euclidschools.org,N/A,Patrick Higley,N/A,N/A,N/A,N/A,N/A,050765,Ohio Department of Education and Workforce
districts.csv,2026-10-09,044040,Garfield Heights City Schools,N/A,N/A,Traditional Public District,District,Open,Cuyahoga,http://www.garfieldheightscityschools.com/,N/A,"5640 Briarcliff Dr, Garfield Heights, Ohio, 44125",(216) 475-8100,(216) 475-1824,Samuel Vawters,N/A,N/A,Phyllis East,peast@ghbulldogs.org,N/A,N/A,N/A,N/A,050765,Ohio Department of Education and Workforce
districts.csv,2026-10-09,044131,Huron City Schools,Prekindergarten Associate Certification Institution,N/A,Traditional Public District,District,Open,Erie,http://www.huronk12.org,cconte@huron-city.k12.oh.us,"710 Cleveland Rd W, Huron, Ohio, 44839",(419) 433-1234,(419) 433-7095,James Tatman,jtatman@huron-city.k12.oh.us,N/A,Michael Limberios,mlimberios@huron-city.k12.oh.us,N/A,N/A,N/A,N/A,050765,Ohio Department of Education and Workforce
districts.csv,2026-10-09,044271,Loveland City,N/A,N/A,Traditional Public District,District,Open,Hamilton,http://www.lovelandschools.org/,N/A,"757 S Lebanon Rd, Loveland, Ohio, 45140",(513) 683-5600,(513) 683-5697,Michael Broadwater,broadwmi@lovelandschools.org,N/A,John Espy,espyjo@lovelandschools.org,N/A,N/A,N/A,N/A,050765,Ohio Department of Education and Workforce
districts.csv,2026-10-09,044305,Maple Heights City,N/A,N/A,Traditional Public District,District,Open,Cuyahoga,http://www.mapleschools.com/,N/A,"5740 Lawn Ave, Maple Heights, Ohio, 44137",(216) 587-6100,(216) 518-2679,Olympia Della Flora,N/A,N/A,Connie Baldwin-Guinto,N/A,N/A,N/A,N/A,N/A,050765,Ohio Department of Education and Workforce
districts.csv,2026-10-09,044362,Maumee City,N/A,N/A,Traditional Public District,District,Open,Lucas,http://www.maumee.k12.oh.us/,credentials@maumeek12.org,"716 Askin St, Maumee, Ohio, 43537",(419) 893-3200,(419) 891-5387,Steven Lee,slee@maumeek12.org,N/A,Paul Brotzki,N/A,N/A,N/A,N/A,N/A,050765,Ohio Department of Education and Workforce
districts.csv,2026-10-09,044370,Mayfield City,N/A,N/A,Traditional Public District,District,Open,Cuyahoga,http://www.mayfieldschools.org/,N/A,"1101 S.O.M. Center Road, Mayfield Heights, Ohio, 44124",(440) 995-7201,(440) 995-7205,Michael Barnes,mbarnes@mayfieldschools.org,N/A,Scott Snyder,N/A,N/A,N/A,N/A,N/A,050765,Ohio Department of Education and Workforce
districts.csv,2026-10-09,044537,North Ridgeville City,N/A,N/A,Traditional Public District,District,Open,Lorain,http://www.nrcs.net/,N/A,"34620 Bainbridge Rd, North Ridgeville, Ohio, 44039",(440) 327-4444,(440) 230-8363,Roxann Ramsey-Caserio,roxannramsey@nrcs.net,N/A,Wendy Fanta,N/A,N/A,N/A,N/A,N/A,050765,Ohio Department of Education and Workforce
districts.csv,2026-10-09,044552,Norton City,N/A,N/A,Traditional Public District,District,Open,Summit,http://www.nortonschools.org,kosborne@nortonschools.org,"4128 Cleveland Massillon Rd, Norton, Ohio, 44203",(330) 825-0863,(330) 825-0929,Bryan Farson,bfarson@nortonpanthers.org,N/A,Emily Cundiff,N/A,N/A,N/A,N/A,N/A,050765,Ohio Department of Education and Workforce
districts.csv,2026-10-09,044610,Orrville City,N/A,N/A,Traditional Public District,District,Open,Wayne,http://www.orrvilleschools.org,alvogelh@orrvilleschools.org,"815 N Ella St, Orrville, Ohio, 44667",(330) 682-4651,(330) 682-0073,David Toth,tothd@orrvilleschools.org,N/A,Joseph Shumar,shumarj@orrvilleschools.org,N/A,N/A,N/A,N/A,050765,Ohio Department of Education and Workforce
districts.csv,2026-10-09,044636,Parma City,N/A,N/A,Traditional Public District,District,Open,Cuyahoga,https://www.parmacityschools.org/,hunts@parmacityschools.org,"7377 Chateau Dr, Parma, Ohio, 44130",(440) 842-5300,(440) 885-8304,Scott Hunt,hunts@parmacityschools.org,N/A,Sean Nuccio,nuccios@parmacityschools.org,N/A,N/A,N/A,N/A,050765,Ohio Department of Education and Workforce
districts.csv,2026-10-09,044644,Piqua City,N/A,N/A,Traditional Public District,District,Open,Miami,http://www.piqua.org/,thompsond@piqua.org,"215 Looney Rd, Piqua, Ohio, 45356",(937) 773-4321,(937) 778-4518,Dwayne Thompson,thompsond@piqua.org,N/A,Jeremie Hittle,N/A,N/A,N/A,N/A,N/A,050765,Ohio Department of Education and Workforce
districts.csv,2026-10-09,044701,Rocky River City,N/A,N/A,Traditional Public District,District,Open,Cuyahoga,http://www.rrcs.org/,SCHIRG.ADHAM@RRCS.ORG,"1101 Morewood Pkwy, Rocky River, Ohio, 44116",(440) 333-6000,(440) 815-2382,Adham Schirg,schirg.adham@rrcs.org,N/A,Greg Markus,N/A,N/A,N/A,N/A,N/A,050765,Ohio Department of Education and Workforce
districts.csv,2026-10-09,044784,Sidney City,N/A,N/A,Traditional Public District,District,Open,Shelby,https://www.sidneycityschools.org/,N/A,"750 S 4th Ave, Sidney, Ohio, 45365",(937) 497-2200,(937) 497-2211,Gregory Snyder,gregory.snyder@sidneycityschools.org,N/A,Michael Watkins,michael.watkins@sidneycityschools.org,N/A,N/A,N/A,N/A,050765,Ohio Department of Education and Workforce
districts.csv,2026-10-09,044883,Tallmadge City,N/A,N/A,Traditional Public District,District,Open,Summit,http://www.tallmadgeschools.org/,N/A,"486 East Ave, Tallmadge, Ohio, 44278",(330) 633-3291,(330) 633-5331,Steven Wood,N/A,N/A,Dustin Boswell,N/A,N/A,N/A,N/A,N/A,050765,Ohio Department of Education and Workforce
districts.csv,2026-10-09,044941,Urbana City,N/A,N/A,Traditional Public District,District,Open,Champaign,www.urbanacityschools.org,robin.miller@urbanacityschools.org,"711 Wood St, Urbana, Ohio, 43078",(937) 653-1402,(937) 652-3845,CARLA Shaw,carla.shaw@urbanacityschools.org,(937) 653-1402,Amanda Hildebrand,mandy.hildebrand@urbanacityschools.org,N/A,N/A,N/A,N/A,050765,Ohio Department of Education and Workforce
districts.csv,2026-10-09,044966,Van Wert City,N/A,N/A,Traditional Public District,District,Open,Van Wert,http://vwcs.net/,m_bagley@vwcs.net,"205 W Crawford St, Van Wert, Ohio, 45891",(419) 238-0648,(419) 238-3974,Mark Bagley,N/A,N/A,Troy Bowersock,t_bowersock@vwcs.net,N/A,N/A,N/A,N/A,050765,Ohio Department of Education and Workforce
districts.csv,2026-10-09,045062,Westlake City,N/A,N/A,Traditional Public District,District,Open,Cuyahoga,https://www.wlake.org,musselmana@wlake.org,"24365 Hilliard Blvd, Westlake, Ohio, 44145",(440) 871-7300,(440) 871-6034,Scott Goggin,goggin@wlake.org,N/A,Todd Hopkins,N/A,N/A,N/A,N/A,N/A,050765,Ohio Department of Education and Workforce
districts.csv,2026-10-09,045146,Wyoming City,N/A,N/A,Traditional Public District,District,Open,Hamilton,http://www.wyomingcityschools.org/,johnsonr@wyomingcityschools.org,"420 Springfield Pike, Wyoming, Ohio, 45215",(513) 206-7000,(513) 672-3355,Timothy Weber,webert@wyomingcityschools.org,N/A,Ronda Johnson,N/A,N/A,N/A,N/A,N/A,050765,Ohio Department of Education and Workforce
districts.csv,2026-10-09,045278,Carrollton Exempted Village,N/A,N/A,Traditional Public District,District,Open,Carroll,http://www.carrolltonschools.org,N/A,"1020 Scio Rd SW, Carrollton, Ohio, 44615",(330) 627-2181,(330) 627-5210,David Davis,dave.davis@carrolltonschools.org,N/A,Denise Ketchum,N/A,(330) 627-2181,N/A,N/A,N/A,050765,Ohio Department of Education and Workforce
districts.csv,2026-10-09,045385,Gibsonburg Exempted Village,N/A,N/A,Traditional Public District,District,Open,Sandusky,http://www.gibsonburg.k12.oh.us/,rfalkenstein@gibsonburgschools.org,"301 S Sunset Ave, Gibsonburg, Ohio, 43431",(419) 637-2479,(419) 637-3029,Robert Falkenstein,N/A,N/A,Anne Arnold,N/A,N/A,N/A,N/A,N/A,050765,Ohio Department of Education and Workforce
districts.csv,2026-10-09,045187,Ada Exempted Village,N/A,N/A,Traditional Public District,District,Open,Hardin,http://ada.k12.oh.us/,N/A,"725 W North Ave, Ada, Ohio, 45810",(419) 634-6421,(419) 634-0311,Julie Simmons,simmonsj@adabulldogs.org,N/A,Tessa McVey,N/A,N/A,N/A,N/A,N/A,050765,Ohio Department of Education and Workforce
districts.csv,2026-10-09,045252,Caldwell Exempted Village,N/A,N/A,Traditional Public District,District,Open,Noble,http://www.caldwell.k12.oh.us/,rglidden@caldwell.k12.oh.us,"595 Frazier St, Caldwell, Ohio, 43724",(740) 732-5637,(740) 732-7303,James Lemley,rlemley@caldwell.k12.oh.us,N/A,Taylor Clark,N/A,N/A,N/A,N/A,N/A,050765,Ohio Department of Education and Workforce
districts.csv,2026-10-09,045260,Carey Exempted Village Schools,N/A,N/A,Traditional Public District,District,Open,Wyandot,http://careyschools.org,mweber@careyevs.org,"2016 Blue Devil Drive, Carey, Ohio, 43316",(419) 396-7922,(419) 396-3158,Michael Wank,N/A,N/A,Makalia Weber,mweber@careyevs.org,N/A,N/A,N/A,N/A,050765,Ohio Department of Education and Workforce
districts.csv,2026-10-09,045336,Covington Exempted Village,N/A,N/A,Traditional Public District,District,Open,Miami,https://www.covington.k12.oh.us/,N/A,"807 Chestnut St, Covington, Ohio, 45318",(937) 473-2249,(937) 473-3730,Katina Childers,childersk@covingtonk12.org,(937) 473-2249,Carmen Siefring,N/A,N/A,N/A,N/A,N/A,050765,Ohio Department of Education and Workforce
districts.csv,2026-10-09,045484,Mechanicsburg Exempted Village,N/A,N/A,Traditional Public District,District,Open,Champaign,http://www.mechanicsburg.k12.oh.us/,N/A,"60 High St, Mechanicsburg, Ohio, 43044",(937) 834-2453,(937) 834-3954,Danielle Prohaska,prohaskad@mcburg.org,N/A,Scott Maruniak,N/A,N/A,N/A,N/A,N/A,050765,Ohio Department of Education and Workforce
districts.csv,2026-10-09,045492,Mentor Exempted Village,N/A,N/A,Traditional Public District,District,Open,Lake,http://www.mentorschools.net/,N/A,"6451 Center St, Mentor, Ohio, 44060",(440) 255-4444,(440) 255-4622,Craig Heath,heath@mentorschools.org,(440) 974-5220,Todd Puster,puster@mentorschools.org,N/A,N/A,N/A,N/A,050765,Ohio Department of Education and Workforce
districts.csv,2026-10-09,045500,Milford Exempted Village,N/A,N/A,Traditional Public District,District,Open,Clermont,http://www.milfordschools.org/,wooten_v@milfordschools.org,"1099 State Route 131, Milford, Ohio, 45150",(513) 831-1314,(513) 831-3208,Bobbie Fiori,Fiori_b@milfordschools.org,N/A,Douglass Ackermann,ackermann_d@milfordschools.org,N/A,N/A,N/A,N/A,050765,Ohio Department of Education and Workforce
districts.csv,2026-10-09,045609,Rossford Exempted Village,N/A,N/A,Traditional Public District,District,Open,Wood,http://www.rossfordschools.org/,llaberdee@rossfordschools.org,"701 Superior St, Rossford, Ohio, 43460",(419) 666-2010,(419) 463-9088,Daniel Creps,dcreps@rossfordschools.org,N/A,Joseph Corfman,jcorfman@rossfordschools.org,N/A,N/A,N/A,N/A,050765,Ohio Department of Education and Workforce
districts.csv,2026-10-09,045799,Shawnee Local,N/A,N/A,Traditional Public District,District,Open,Allen,http://limashawnee.com/,N/A,"3255 Zurmehly Rd, Lima, Ohio, 45806",(419) 998-8031,(419) 998-8050,Donald Diglia,don@limashawnee.com,N/A,Christine Cross,N/A,N/A,N/A,N/A,N/A,045740,Allen County ESC
districts.csv,2026-10-09,045807,Spencerville Local,N/A,N/A,Traditional Public District,District,Open,Allen,http://www.noacsc.org/,woodsb@svbearcats.org,"600 School St, Spencerville, Ohio, 45887",(419) 647-4111,(419) 647-6498,Brian Woods,woodsb@svbearcats.org,N/A,JENNIFER SUDHOFF,jennifer.sudhoff@escneo.org,N/A,N/A,N/A,N/A,045740,Allen County ESC
districts.csv,2026-10-09,045872,Jefferson Area Local,N/A,N/A,Traditional Public District,District,Open,Ashtabula,http://www.jalsd.org/,jeremy.huber@jalsd.org,"121 S Poplar St, Jefferson, Ohio, 44047",(440) 576-9180,N/A,Jeremy Huber,N/A,N/A,Brian Stevens,N/A,N/A,N/A,N/A,N/A,045849,Ashtabula County ESC
districts.csv,2026-10-09,045880,Pymatuning Valley Local School District,N/A,N/A,Traditional Public District,District,Open,Ashtabula,N/A,christopher.edison@pvschools.org,"5571 Rt 6 W, Andover, Ohio, 44003",(440) 293-6488,(440) 293-7654,Christopher Edison,christopher.edison@pvschools.org,N/A,Thomas Brockway,TOM.BROCKWAY@PVSCHOOLS.ORG,N/A,N/A,N/A,N/A,045849,Ashtabula County ESC
districts.csv,2026-10-09,045906,Alexander Local,N/A,N/A,Traditional Public District,District,Open,Athens,http://www.alexanderschools.org,N/A,"6091 Ayers Rd, Albany, Ohio, 45710",(740) 698-8831,(740) 698-2038,William Hampton,whampton@alexanderschools.org,N/A,Kimberley Napper,N/A,N/A,N/A,N/A,N/A,135145,Athens-Meigs ESC
districts.csv,2026-10-09,045955,New Bremen Local,N/A,N/A,Traditional Public District,District,Open,Auglaize,http://www.newbremenschools.org,N/A,"901 E Monroe St, New Bremen, Ohio, 45869",(419) 629-8606,(419) 629-0115,Jason Schrader,jason.schrader@newbremenschools.org,N/A,Jill Ahlers,jill.ahlers@newbremenschools.org,N/A,N/A,N/A,N/A,045930,Auglaize County ESC
districts.csv,2026-10-09,045971,Waynesfield-Goshen Local,N/A,N/A,Traditional Public District,District,Open,Auglaize,http://www.wgschools.org/,N/A,"500 N Westminster St, Waynesfield, Ohio, 45896",(419) 568-9100,(419) 568-8024,Timothy Pence,pencet@wgschools.org,N/A,Tonia Hovest,hovestt@wgschools.org,N/A,N/A,N/A,N/A,045930,Auglaize County ESC
districts.csv,2026-10-09,046144,Ross Local,N/A,N/A,Traditional Public District,District,Open,Butler,http://www.rossrams.com/,bill.rice@rossrams.com,"3371 Hamilton Cleves Rd, Hamilton, Ohio, 45013",(513) 863-1253,(513) 863-6250,William Rice,bill.rice@rossrams.com,N/A,Stephen Castator,N/A,N/A,N/A,N/A,N/A,050765,Ohio Department of Education and Workforce
districts.csv,2026-10-09,046151,Talawanda City,N/A,N/A,Traditional Public District,District,Open,Butler,http://www.talawanda.org/,tafelskis@talawanda.org,"131 W Chestnut St, Oxford, Ohio, 45056",(513) 273-3333,(513) 273-3113,Edward Theroux,N/A,N/A,Shaunna Tafelski,tafelskis@talawanda.org,N/A,N/A,N/A,N/A,050765,Ohio Department of Education and Workforce
districts.csv,2026-10-09,046235,Greenon Local,N/A,N/A,Traditional Public District,District,Open,Clark,http://www.greenonschools.org/,N/A,"120 S Xenia Dr, Enon, Ohio, 45323",(937) 864-1202,(937) 864-2470,Darrin Knapke,N/A,N/A,Garth Whitaker,N/A,N/A,N/A,N/A,N/A,046227,Clark County ESC
districts.csv,2026-10-09,046318,Bethel-Tate Local,N/A,N/A,Traditional Public District,District,Open,Clermont,http://www.betheltate.org/,gina.sandker@betheltate.org,"101 Fossyl Dr, Bethel, Ohio, 45106",(513) 734-2271,(513) 734-4792,Christen Davis,christen.davis@betheltate.org,N/A,Karen Royer,karen.royer@betheltate.org,N/A,N/A,N/A,N/A,046292,Clermont County ESC
districts.csv,2026-10-09,046409,East Clinton Local,N/A,N/A,Traditional Public District,District,Open,Clinton,http://www.east-clinton.k12.oh.us/,N/A,"97 Astro Way, Sabina, Ohio, 45169",(937) 584-2461,(937) 584-2817,Eric Magee,eric.magee@eastclinton.org,N/A,John Stanley,john.stanley@eastclinton.org,N/A,N/A,N/A,N/A,046375,Southern Ohio ESC
districts.csv,2026-10-09,046474,Ridgewood Local,N/A,N/A,Traditional Public District,District,Open,Coshocton,http://www.ridgewood.k12.oh.us/,N/A,"301 S Oak St, West Lafayette, Ohio, 43845",(740) 545-6354,(740) 545-7015,Michael Masloski,mike.masloski@ridgewood.k12.oh.us,N/A,Jay Tingle,N/A,N/A,N/A,N/A,N/A,125252,Muskingum Valley ESC
districts.csv,2026-10-09,046581,Orange City ,N/A,N/A,Traditional Public District,District,Open,Cuyahoga,http://www.orangeschools.org/,N/A,"32000 Chagrin Blvd, Cleveland, Ohio, 44124",(216) 831-8600,N/A,Wendell Campbell,lcampbell@orangecsd.org,N/A,GARY PLATKO,N/A,N/A,N/A,N/A,N/A,050765,Ohio Department of Education and Workforce
districts.csv,2026-10-09,046649,Franklin Monroe Local,N/A,N/A,Traditional Public District,District,Open,Darke,http://www.franklin-monroe.k12.oh.us/,N/A,"8639 Oakes Rd, Arcanum, Ohio, 45304",(937) 947-1212,(937) 947-1372,Jeremy Pequignot,jeremy.pequignot@fmlsd.org,N/A,Dennis Wendel,dennis.wendel@fmlsd.org,N/A,N/A,N/A,N/A,046615,Darke County ESC
districts.csv,2026-10-09,046888,Liberty Union-Thurston Local,N/A,N/A,Traditional Public District,District,Open,Fairfield,https://www.libertyunion.org/,april.bolyard@libertyunion.org,"1108 S Main St, Baltimore, Ohio, 43105",(740) 862-4171,(740) 862-2015,Michael Johnson,mike.johnson@libertyunion.org,N/A,April Bolyard,april.bolyard@libertyunion.org,N/A,N/A,N/A,N/A,046839,Fairfield County ESC
districts.csv,2026-10-09,046896,Pickerington Local,N/A,N/A,Traditional Public District,District,Open,Fairfield,http://www.pickerington.k12.oh.us/,N/A,"90 East St., Pickerington, Ohio, 43147",(614) 833-2110,(614) 833-2143,Charles Smialek,charles_smialek@plsd.us,N/A,John Walsh,john_walsh@plsd.us,N/A,N/A,N/A,N/A,046839,Fairfield County ESC
districts.csv,2026-10-09,046961,Gahanna-Jefferson City,N/A,N/A,Traditional Public District,District,Open,Franklin,http://gahannaschools.org/,deaglet@gjps.org,"380 Granville St, Columbus, Ohio, 43230",(614) 471-7065,(614) 478-5568,Tracey Deagle,deaglet@gjps.org,N/A,Clifton Hetzel,hetzelc@gjps.org,(614) 361-0095,N/A,N/A,N/A,050765,Ohio Department of Education and Workforce
districts.csv,2026-10-09,046979,Groveport Madison Local,N/A,N/A,Traditional Public District,District,Open,Franklin,http://www.gocruisers.org/,grace.waggoner@gocruisers.org,"4400 Marketing Pl Ste B, Groveport, Ohio, 43125",(614) 492-2520,N/A,James Grube,jamie.grube@gocruisers.org,N/A,Adam Collier,adam.collier@gocruisers.org,N/A,N/A,N/A,N/A,046938,ESC of Central Ohio
districts.csv,2026-10-09,047001,Reynoldsburg City,N/A,N/A,Traditional Public District,District,Open,Franklin,http://www.reyn.org/,N/A,"7244 E Main St, Reynoldsburg, Ohio, 43068",(614) 501-1020,(614) 501-1050,Tracy Reed,tracy.reed@reyn.org,N/A,Emily Hatfield,emily.hatfield@reyn.org,N/A,N/A,N/A,N/A,050765,Ohio Department of Education and Workforce
districts.csv,2026-10-09,047019,Hilliard City,N/A,N/A,Traditional Public District,District,Open,Franklin,http://www.hilliardschools.org/,N/A,"2140 Atlas St, Columbus, Ohio, 43228",(614) 921-7000,N/A,David Stewart,N/A,N/A,Melissa Swearingen,N/A,N/A,N/A,N/A,N/A,050765,Ohio Department of Education and Workforce
districts.csv,2026-10-09,047092,Swanton Local,N/A,N/A,Traditional Public District,District,Open,Fulton,http://www.swantonschools.org/,becky.nelson@swantonschools.org,"108 N Main St, Swanton, Ohio, 43558",(419) 826-7085,(419) 825-1197,Christopher Lake,N/A,N/A,Sheila Horseman,N/A,N/A,N/A,N/A,N/A,124297,Northwest Ohio Educational Service Center
districts.csv,2026-10-09,047175,Cardinal Local,N/A,N/A,Traditional Public District,District,Open,Geauga,http://cardinalschools.org/,joanne.leichtman@cardinalschools.org,"15982 E High St, Middlefield, Ohio, 44062",(440) 632-0261,(440) 632-5886,Jackie Cunningham Jr,N/A,N/A,Kathryn Hoffmeister,N/A,N/A,N/A,N/A,N/A,047860,Educational Service Center of the Western Reserve
districts.csv,2026-10-09,043885,Delphos City,N/A,N/A,Traditional Public District,District,Open,Allen,http://www.delphoscityschools.org/,lpeters@delphoscityschools.org,"901 Wildcat Ln, Delphos, Ohio, 45833",(419) 692-2509,(419) 692-2653,Jeffrey Hobbs,jhobbs@delphoscityschools.org,N/A,Kendra Chapman,N/A,N/A,N/A,N/A,N/A,050765,Ohio Department of Education and Workforce
districts.csv,2026-10-09,043968,Fairborn City ,N/A,N/A,Traditional Public District,District,Open,Greene,http://www.fairborn.k12.oh.us/,tbyrd@fairborn.k12.oh.us,"306 E Whittier Ave, Fairborn, Ohio, 45324",(937) 878-3961,(937) 879-8180,Amy Gayheart,agayheart@fairborn.k12.oh.us,N/A,Kevin Philo,kphilo@fairborn.k12.oh.us,N/A,N/A,N/A,N/A,050765,Ohio Department of Education and Workforce
districts.csv,2026-10-09,044024,Galion City,N/A,N/A,Traditional Public District,District,Open,Crawford,http://www.galionschools.org,king.shannon@galionschools.org,"470 Portland Way N, Galion, Ohio, 44833",(419) 468-3432,(419) 468-4333,Jeffrey Hartmann,hartmann.jeff@galionschools.org,N/A,Shannon King,N/A,N/A,N/A,N/A,N/A,050765,Ohio Department of Education and Workforce
districts.csv,2026-10-09,044107,Hamilton City,N/A,N/A,Traditional Public District,District,Open,Butler,https://hamiltoncityschools.com/,N/A,"533 Dayton St, Hamilton, Ohio, 45011",(513) 887-5000,(513) 868-4473,Andrea Blevins,N/A,N/A,Jeremy Frazier,N/A,N/A,N/A,N/A,N/A,050765,Ohio Department of Education and Workforce
districts.csv,2026-10-09,044123,Hillsboro City,N/A,N/A,Traditional Public District,District,Open,Highland,http://www.hillsboro.k12.oh.us/,dmichael@hillsboro-indians.org,"39 Willetsville Pike, Hillsboro, Ohio, 45133",(937) 393-3475,(937) 393-5841,Brian Davis,tdavis@hillsboro-indians.org,N/A,Lewis Teeters,bteeters@hillsboro-indians.org,N/A,N/A,N/A,N/A,050765,Ohio Department of Education and Workforce
districts.csv,2026-10-09,044214,Lebanon City,N/A,N/A,Traditional Public District,District,Open,Warren,http://www.lebanonschools.org/,N/A,"160 Miller Rd, Lebanon, Ohio, 45036",(513) 934-5770,(513) 933-2103,Isaac Seevers,seevers.isaac@lebanonschools.org,(513) 934-5778,Karen Ervin,ervin.karen@lebanonschools.org,N/A,N/A,N/A,N/A,050765,Ohio Department of Education and Workforce
districts.csv,2026-10-09,044289,Madeira City,N/A,N/A,Traditional Public District,District,Open,Hamilton,http://www.madeiracityschools.org/,ehauser@madeiracityschools.org,"7465 Loannes Dr, Cincinnati, Ohio, 45243",(513) 985-6070,(513) 985-6072,Kenji Matsudo,N/A,N/A,Emily Hauser,ehauser@madeiracityschools.org,N/A,N/A,N/A,N/A,050765,Ohio Department of Education and Workforce
districts.csv,2026-10-09,044297,Mansfield City,N/A,N/A,Traditional Public District,District,Open,Richland,http://www.tygerpride.com/,superintendent@mansfieldschools.org,"856 W Cook Rd, Mansfield, Ohio, 44907",(419) 525-6400,(419) 525-6415,Stan Jefferson,superintendent@mansfieldschools.org,N/A,Tammy Hamilla,hamilla.tammy@mansfieldschools.org,N/A,N/A,N/A,N/A,050765,Ohio Department of Education and Workforce
districts.csv,2026-10-09,044388,Medina City SD,N/A,N/A,Traditional Public District,District,Open,Medina,http://www.medinabees.org/,N/A,"739 Weymouth Rd, Medina, Ohio, 44256",(330) 636-3031,(330) 636-3814,Aaron Sable,N/A,N/A,David Chambers,N/A,N/A,N/A,N/A,N/A,050765,Ohio Department of Education and Workforce
districts.csv,2026-10-09,044446,Nelsonville-York City,N/A,N/A,Traditional Public District,District,Open,Athens,http://www.nelsonvilleyork.k12.oh.us/,N/A,"2 Buckeye Dr, Nelsonville, Ohio, 45764",(740) 753-4441,(740) 753-1968,Ricky Edwards,rickedwards@nybucks.org,N/A,Sandi Hurd,sandihurd@nybucks.org,N/A,N/A,N/A,N/A,050765,Ohio Department of Education and Workforce
districts.csv,2026-10-09,200077,Pike County Career  Technology Center CTPD,N/A,N/A,Career Technical Planning District,District,Open,Pike,PikeCTC.org,eric.meredith@pikectc.org,"175 Beavercreek Road, Piketon, Ohio, 45661",(740) 289-2721,(740) 289-8891,Eric Meredith,N/A,N/A,Tonya Cooper,tonya.cooper@pikectc.net,N/A,N/A,N/A,N/A,N/A,N/A
districts.csv,2026-10-09,200083,Pioneer CTC JVSD CTPD,N/A,N/A,Career Technical Planning District,District,Open,Richland,N/A,N/A,"27 Ryan Rd, Shelby, Ohio, 44875",N/A,N/A,Gregory Nickoli,Nickoli.Greg@pctc.k12.oh.us,N/A,Gavyn Bazley,N/A,N/A,N/A,N/A,N/A,N/A,N/A
districts.csv,2026-10-09,200086,Scioto County JVSD CTPD,N/A,N/A,Career Technical Planning District,District,Open,Scioto,N/A,kyle.copley@sciototech.org,"951 Vern Riffe Dr, Lucasville, Ohio, 45648",(740) 259-5522,N/A,Kyle Copley,kyle.copley@sciototech.org,N/A,Brett Butler,brett.butler@sciototech.org,N/A,N/A,N/A,N/A,N/A,N/A
districts.csv,2026-10-09,200119,Lancaster City CTPD,N/A,N/A,Career Technical Planning District,District,Open,Fairfield,N/A,c_davis@lcsschools.net,"345 E Mulberry St, Lancaster, Ohio, 43130",(740) 687-7300,N/A,Nathan Hale,n_hale@lcsschools.net,N/A,Julie Taylor,j_taylor@lcsschools.net,N/A,N/A,N/A,N/A,N/A,N/A
districts.csv,2026-10-09,200600,Career Technical Planning District 600,N/A,N/A,Career Technical Planning District,District,Open,Franklin,N/A,N/A,"25 S Front St, Columbus, Ohio, 43215",N/A,N/A,James York,N/A,(614) 728-2489,Richard Workman,Richard.Workman@dys.state.oh.us,(614) 466-1885,N/A,N/A,N/A,N/A,N/A
districts.csv,2026-10-09,043653,Brooklyn City,N/A,N/A,Traditional Public District,District,Open,Cuyahoga,http://www.bcshurricanes.org,N/A,"9200 Biddulph Rd, Brooklyn, Ohio, 44144",(216) 485-8100,(216) 485-8118,Theodore Caleris,N/A,N/A,Robert Schirhart,robert.schirhart@bcshurricanes.org,N/A,N/A,N/A,N/A,050765,Ohio Department of Education and Workforce
districts.csv,2026-10-09,043752,Cincinnati Public Schools,N/A,N/A,Traditional Public District,District,Open,Hamilton,http://www.cps-k12.org/,N/A,"2651 Burnet Ave, Cincinnati, Ohio, 45219",(513) 363-0000,N/A,Shauna Murphy,murphys@cps-k12.org,N/A,Michael Gustin,gustinm@cpsboe.k12.oh.us,N/A,N/A,N/A,N/A,050765,Ohio Department of Education and Workforce
districts.csv,2026-10-09,043828,Coshocton City,N/A,N/A,Traditional Public District,District,Open,Coshocton,http://www.coshoctoncityschools.com,Sara.Antequera@coshoctoncityschools.com,"1207 Cambridge Rd, Coshocton, Ohio, 43812",(740) 622-1901,(740) 623-5803,Matthew Nicholas,N/A,N/A,Mary Eyerman,TERRI.EYERMAN@COSHOCTONCITYSCHOOLS.COM,N/A,N/A,N/A,N/A,050765,Ohio Department of Education and Workforce
districts.csv,2026-10-09,043984,Findlay City,N/A,N/A,Traditional Public District,District,Open,Hancock,http://www.findlaycityschools.org/,ahatton@fcs.org,"1100 Broad Ave, Findlay, Ohio, 45840",(419) 425-8212,(419) 425-8203,Ethan Hatton,ahatton@findlaycityschools.org,N/A,Alexander Hix,ahix@findlaycityschools.org,N/A,N/A,N/A,N/A,050765,Ohio Department of Education and Workforce
districts.csv,2026-10-09,043992,Fostoria City,N/A,N/A,Traditional Public District,District,Open,Seneca,http://www.fostoriaschools.org,mebrown@fostoriaschools.org,"1001 Park Ave, Fostoria, Ohio, 44830",(419) 435-8163,(419) 436-4122,Jason Longbrake,jlongbrake@fostoriaschools.org,N/A,Daniel Russomanno,drussomanno@fostoriaschools.org,N/A,N/A,N/A,N/A,050765,Ohio Department of Education and Workforce
districts.csv,2026-10-09,044008,Franklin City,N/A,N/A,Traditional Public District,District,Open,Warren,http://www.franklincityschools.com/,lhetzler@franklincityschools.com,"754 E 4th St, Franklin, Ohio, 45005",(937) 746-1699,(937) 743-8620,Michael Sander,N/A,N/A,Kevin Hawley,N/A,N/A,N/A,N/A,N/A,050765,Ohio Department of Education and Workforce
districts.csv,2026-10-09,044453,Newark City Schools,N/A,N/A,Traditional Public District,District,Open,Licking,www.newarkcityschools.org,dllewis@newarkcityschools.org,"621 Mount Vernon Rd, Newark, Ohio, 43055",(740) 670-7005,(740) 670-7009,David Lewis,dllewis@newarkcityschools.org,N/A,Julio Valladares,jvalladares@newarkcityschools.org,N/A,N/A,N/A,N/A,050765,Ohio Department of Education and Workforce
districts.csv,2026-10-09,044461,New Boston Local,N/A,N/A,Traditional Public District,District,Open,Scioto,http://www.newboston.k12.oh.us/,pj.fitch@nbtigers.net,"#1 Glenwood Tiger Trail, New Boston, Ohio, 45662",(740) 456-4626,(740) 456-6402,Phillip Fitch,pj.fitch@nbtigers.net,N/A,Samantha Hamilton,samantha.hamilton@nbtigers.net,N/A,N/A,N/A,N/A,125658,South Central Ohio ESC
districts.csv,2026-10-09,044529,North Olmsted City,N/A,N/A,Traditional Public District,District,Open,Cuyahoga,http://www.northolmstedschools.org/,N/A,"26669 Butternut Ridge Rd, North Olmsted, Ohio, 44070",(440) 588-5308,(440) 588-5370,Christopher Caleris,N/A,N/A,Katherine Henes,katherine.henes@nolmsted.org,N/A,N/A,N/A,N/A,050765,Ohio Department of Education and Workforce
districts.csv,2026-10-09,044628,Painesville City Local,N/A,N/A,Traditional Public District,District,Open,Lake,http://www.painesville-city.k12.oh.us/,josh.englehart@pcls.net,"58 Jefferson St, Painesville, Ohio, 44077",(440) 392-5060,(440) 392-5089,Joshua Englehart,josh.englehart@pcls.net,N/A,Sherri Samac,N/A,N/A,N/A,N/A,N/A,047860,Educational Service Center of the Western Reserve
districts.csv,2026-10-09,044719,St Bernard-Elmwood Place City,N/A,N/A,Traditional Public District,District,Open,Hamilton,http://www.sbepschools.org/,mwebb@sbepschools.org,"105 Washington Ave, Saint Bernard, Ohio, 45217",(513) 482-7121,(513) 641-0066,Mary Eleanor Webb,N/A,N/A,Nicholas Hendricks,nhendricks@sbepschools.org,N/A,N/A,N/A,N/A,050765,Ohio Department of Education and Workforce
districts.csv,2026-10-09,044776,Shelby City,N/A,N/A,Traditional Public District,District,Open,Richland,http://www.shelby-city.k12.oh.us/,browning.michael@shelbyk12.org,"109 W Smiley Ave, Shelby, Ohio, 44875",(419) 342-3520,N/A,Michael Browning,browning.michael@shelbyk12.org,N/A,Madison Ratliff,ratliff.madison@shelbyk12.org,(419) 342-3647,N/A,N/A,N/A,050765,Ohio Department of Education and Workforce
districts.csv,2026-10-09,044800,South-Western City,N/A,N/A,Traditional Public District,District,Open,Franklin,https://www.swcsd.us,N/A,"3805 Marlane Dr, Grove City, Ohio, 43123",(614) 801-3000,(614) 871-2781,Randy Banks,randy.banks@swcsd.us,N/A,Hugh Garside Jr.,hugh.garside@swcsd.us,N/A,N/A,N/A,N/A,050765,Ohio Department of Education and Workforce
districts.csv,2026-10-09,044818,Springfield City School District,N/A,N/A,Traditional Public District,District,Open,Clark,http://www.scsdoh.org,N/A,"700 S Limestone St Ste A, Springfield, Ohio, 45505",(937) 505-2800,(937) 505-2978,Robert Hill,N/A,N/A,Nicole Cottrell,N/A,N/A,N/A,N/A,N/A,050765,Ohio Department of Education and Workforce
districts.csv,2026-10-09,044867,Sycamore Community City,N/A,N/A,Traditional Public District,District,Open,Hamilton,http://www.sycamoreschools.org/,N/A,"5959 Hagewa Dr, Blue Ash, Ohio, 45242",(513) 686-1700,(513) 791-4873,Chad Lewis,N/A,N/A,Patrick Swan,N/A,(513) 686-1700,N/A,N/A,N/A,050765,Ohio Department of Education and Workforce
districts.csv,2026-10-09,044974,Wadsworth City ,N/A,N/A,Traditional Public District,District,Open,Medina,http://www.wadsworth.k12.oh.us/,N/A,"625 Broad St, Wadsworth, Ohio, 44281",(330) 336-3571,(330) 335-1313,Andrew Hill,ahill@wadsworthschools.org,N/A,Douglas Beeman,dbeeman@wadsworthschools.org,N/A,N/A,N/A,N/A,050765,Ohio Department of Education and Workforce
districts.csv,2026-10-09,044073,Grandview Heights Schools,N/A,N/A,Traditional Public District,District,Open,Franklin,www.ghschools.org,N/A,"1587 W 3rd Ave, Columbus, Ohio, 43212",(614) 485-4015,(614) 481-3648,Andrew Culp,N/A,N/A,Beth Collier,N/A,N/A,N/A,N/A,N/A,050765,Ohio Department of Education and Workforce
districts.csv,2026-10-09,044180,Kettering City School District,N/A,N/A,Traditional Public District,District,Open,Montgomery,http://www.ketteringschools.org/,ken.miller@ketteringschools.org,"500 Lincoln Park Blvd, Kettering, Ohio, 45429",(937) 499-1430,(937) 499-1465,Melinda Mccarty-Stewart,mindy.mccarty-stewart@ketteringschools.org,N/A,Justin Blevins,justin.blevins@ketteringschools.org,N/A,N/A,N/A,N/A,050765,Ohio Department of Education and Workforce
districts.csv,2026-10-09,044230,Lockland Local,N/A,N/A,Traditional Public District,District,Open,Hamilton,http://www.locklandschools.org/,BOB.LONGWORTH@LOCKLANDSCHOOLS.ORG,"210 N Cooper Ave, Cincinnati, Ohio, 45215",(513) 563-5000,(513) 563-9611,Robert Longworth,N/A,N/A,Justin Gibson,N/A,N/A,N/A,N/A,N/A,050765,Ohio Department of Education and Workforce
districts.csv,2026-10-09,044248,Logan-Hocking Local,N/A,N/A,Traditional Public District,District,Open,Hocking,http://loganhocking.k12.oh.us/,N/A,"2019 E Front St, Logan, Ohio, 43138",(740) 385-8517,(740) 385-3683,Christy Bosch,cbosch@lhsd.k12.oh.us,N/A,Jessica James,jjames@lhsd.k12.oh.us,N/A,N/A,N/A,N/A,125674,Perry-Hocking ESC
districts.csv,2026-10-09,044263,Lorain City,N/A,N/A,Traditional Public District,District,Open,Lorain,http://www.lorainschools.org/,N/A,"2601 Pole Ave, Lorain, Ohio, 44052",(440) 233-2271,(440) 282-9151,Jeffrey Graham,N/A,N/A,Tia Kearney,N/A,N/A,N/A,N/A,N/A,050765,Ohio Department of Education and Workforce
districts.csv,2026-10-09,044354,Massillon City,N/A,N/A,Traditional Public District,District,Open,Stark,http://www.massillonschools.org/,kgifford@massillonschools.org,"930 17th St NE, Massillon, Ohio, 44646",(330) 830-3900,(330) 832-6661,Paul Salvino,N/A,N/A,Ryker Locke,rlocke@massillonschools.org,N/A,N/A,N/A,N/A,050765,Ohio Department of Education and Workforce
districts.csv,2026-10-09,044412,Mt Healthy City,N/A,N/A,Traditional Public District,District,Open,Hamilton,http://www.mthcs.org/,swilson@mthcs.org,"7615 Harrison Ave, Cincinnati, Ohio, 45231",(513) 729-0077,(513) 728-4692,Sarah Wilson,swilson@mthcs.org,N/A,Kristen Yancey,kyancey@mthcs.org,N/A,N/A,N/A,N/A,050765,Ohio Department of Education and Workforce
districts.csv,2026-10-09,044438,Napoleon Area City,N/A,N/A,Traditional Public District,District,Open,Henry,http://www.napoleon.k12.oh.us/,N/A,"701 Briarheath Ave Ste 108, Napoleon, Ohio, 43545",(419) 599-7015,(419) 599-7035,Erik Belcher,erik.belcher@napoleonareaschools.org,N/A,Michael Bostelman,N/A,N/A,N/A,N/A,N/A,050765,Ohio Department of Education and Workforce
districts.csv,2026-10-09,044487,New Philadelphia City,N/A,N/A,Traditional Public District,District,Open,Tuscarawas,http://www.npschools.org/,erwinj@npschools.org,"248 Front Ave SW, New Philadelphia, Ohio, 44663",(330) 364-0600,(330) 364-9310,Carole Sutton,suttonc@npschools.org,N/A,Julie Erwin,erwinj@npschools.org,N/A,N/A,N/A,N/A,050765,Ohio Department of Education and Workforce
districts.csv,2026-10-09,044503,North Canton City,N/A,N/A,Traditional Public District,District,Open,Stark,https://www.northcantonschools.org/,donna.yackey@northcantonschools.org,"525 7th St NE, North Canton, Ohio, 44720",(330) 497-5600,(330) 497-5618,Timothy Walker,tim.walker@northcantonschools.org,N/A,Eric Bornstine,eric.bornstine@northcantonschools.org,N/A,N/A,N/A,N/A,050765,Ohio Department of Education and Workforce
districts.csv,2026-10-09,047423,Arlington Local,N/A,N/A,Traditional Public District,District,Open,Hancock,http://www.arlingtonlocalschools.com/,N/A,"1 Red Devil Way, Arlington, Ohio, 45814",(419) 365-5121,(419) 365-1282,Kevin Haught,haughtk@arlingtonlocal.org,N/A,Roy Swartz,swartzr@arlingtonlocal.org,N/A,N/A,N/A,N/A,047407,Hancock County ESC
districts.csv,2026-10-09,047498,Hardin Northern Local,N/A,N/A,Traditional Public District,District,Open,Hardin,http://hn.k12.oh.us/,N/A,"11589 State Route 81, Dola, Ohio, 45835",(419) 759-2331,(419) 759-2581,Forrest Trisler,forrest.trisler@hardinnorthern.org,N/A,Brennon Hattery,N/A,N/A,N/A,N/A,N/A,047480,Hardin County ESC
districts.csv,2026-10-09,047514,Riverdale Local,N/A,N/A,Traditional Public District,District,Open,Hancock,http://www.riverdalefalcons.org,N/A,"20613 State Route 37, Mt Blanchard, Ohio, 45867",(419) 694-2211,(419) 694-6465,Greg Rossman,grossman@riverdalefalcons.org,N/A,Addison Clark,N/A,N/A,N/A,N/A,N/A,047407,Hancock County ESC
districts.csv,2026-10-09,047522,Upper Scioto Valley Local,N/A,N/A,Traditional Public District,District,Open,Hardin,https://www.usvschools.org/,N/A,"510 S Courtright St, McGuffey, Ohio, 45859",(419) 757-3231,N/A,Craig Hurley,churley@usvschools.org,N/A,Stacy Gratz,N/A,N/A,N/A,N/A,N/A,014777,Midwest Regional ESC
districts.csv,2026-10-09,047852,Fredericktown Local,N/A,N/A,Traditional Public District,District,Open,Knox,http://www.fredericktownschools.com/,soverholt@fredschools.com,"117 Columbus Rd, Fredericktown, Ohio, 43019",(740) 694-2956,(740) 694-0956,Gary Chapman,gchapman@fredschools.com,N/A,HEATHER DARNOLD,hdarnold@fredschools.com,N/A,N/A,N/A,N/A,047811,Knox County ESC
districts.csv,2026-10-09,047936,Fairland Local ,N/A,N/A,Traditional Public District,District,Open,Lawrence,https://www.fairland.k12.oh.us/Community.aspx,N/A,"228 Private Drive 10010, Proctorville, Ohio, 45669",(740) 886-3100,(740) 886-7253,Roni Hayes,N/A,N/A,Wendy McGoon,N/A,N/A,N/A,N/A,N/A,047910,Lawrence County ESC
districts.csv,2026-10-09,048017,Licking Valley Local,N/A,N/A,Traditional Public District,District,Open,Licking,http://www.lvschools.us,N/A,"1379 Licking Valley Rd, Newark, Ohio, 43055",(740) 763-3525,(740) 763-0471,Paul Smathers,paulsmathers@g.lickingvalley.k12.oh.us,(740) 763-3525,Andrew Douglass,N/A,N/A,N/A,N/A,N/A,047977,Licking Regional Educational Service Center
districts.csv,2026-10-09,048090,Riverside Local,N/A,N/A,Traditional Public District,District,Open,Logan,http://www.riverside.k12.oh.us,N/A,"2096 County Road 24 S, De Graff, Ohio, 43318",(937) 585-5981,(937) 585-4599,Scott Mann,N/A,N/A,Ronnie Fitchpatrick II,N/A,N/A,N/A,N/A,N/A,014777,Midwest Regional ESC
districts.csv,2026-10-09,048363,South Range Local,N/A,N/A,Traditional Public District,District,Open,Mahoning,http://www.southrange.k12.oh.us/,jzapolnik@southrange.org,"11300 Columbiana Canfield Rd Ste B, Canfield, Ohio, 44406",(330) 549-5226,(330) 549-4740,Jarred Zapolnik,N/A,N/A,Mario Nero,N/A,N/A,N/A,N/A,N/A,048280,Educational Service Center of Eastern Ohio
districts.csv,2026-10-09,048439,Ridgedale Local ,N/A,N/A,Traditional Public District,District,Open,Marion,www.ridgedaleschools.org,ebower@ridgedaleschools.org,"3103 Hillman Ford Rd, Morral, Ohio, 43337",(740) 382-6065,(740) 383-6538,Erika Bower,ebower@ridgedaleschools.org,N/A,Tacy Courtright,tcourtright@ridgedaleschools.org,N/A,N/A,N/A,N/A,123257,North Central Ohio ESC
districts.csv,2026-10-09,048512,Eastern Local,N/A,N/A,Traditional Public District,District,Open,Meigs,http://www.easternlocal.com/,N/A,"50008 State Route 681, Reedsville, Ohio, 45772",(740) 667-6079,(740) 667-3978,NICHOLAS DETTWILLER,ndettwiller@easternlocal.net,N/A,Roy Johnson,rjohnson@easternlocal.net,N/A,N/A,N/A,N/A,135145,Athens-Meigs ESC
districts.csv,2026-10-09,044560,Norwalk City,N/A,N/A,Traditional Public District,District,Open,Huron,http://www.norwalktruckers.net,N/A,"134 Benedict Ave, Norwalk, Ohio, 44857",(419) 668-2779,(419) 663-3302,Bradley Cooley,N/A,N/A,Joyce Dupont,N/A,N/A,N/A,N/A,N/A,050765,Ohio Department of Education and Workforce
districts.csv,2026-10-09,044586,Oakwood City,N/A,N/A,Traditional Public District,District,Open,Montgomery,https://www.oakwoodschools.org/district/about-us,gupta.neil@oakwoodschools.org,"400 Sugar Camp Cir, Oakwood, Ohio, 45409",(937) 297-5332,(937) 297-5345,Neil Gupta,N/A,N/A,Laura Sauber,lsauber@sharedresourcecenter.org,N/A,N/A,N/A,N/A,050765,Ohio Department of Education and Workforce
districts.csv,2026-10-09,044602,Oregon City,N/A,N/A,Traditional Public District,District,Open,Lucas,http://www.oregoncityschools.org/,N/A,"5721 Seaman St, Oregon, Ohio, 43616",(419) 693-0661,(419) 698-6016,Jeffrey Straka,jstraka@oregoncs.org,N/A,Tracy Boyes,tboyes@oregoncs.org,N/A,N/A,N/A,N/A,050765,Ohio Department of Education and Workforce
districts.csv,2026-10-09,044651,Port Clinton City,N/A,N/A,Traditional Public District,District,Open,Ottawa,https://www.pccsd.net/,N/A,"811 Jefferson St, Port Clinton, Ohio, 43452",(419) 732-2102,(419) 734-4527,Patrick Adkins,N/A,N/A,Jeffrey Dornbusch,N/A,N/A,N/A,N/A,N/A,050765,Ohio Department of Education and Workforce
districts.csv,2026-10-09,044735,Salem City,N/A,N/A,Traditional Public District,District,Open,Columbiana,http://www.salemquakers.org,kematsj@salem.k12.oh.us,"1226 E State St, Salem, Ohio, 44460",(330) 332-0316,(330) 332-8936,Jamie Kemats,kematsj@salem.k12.oh.us,N/A,Michael Douglas,N/A,N/A,N/A,N/A,N/A,050765,Ohio Department of Education and Workforce
districts.csv,2026-10-09,044826,Steubenville City,N/A,N/A,Traditional Public District,District,Open,Jefferson,https://www.rollred.org,melinda.young@rollred.org,"611 N 4th St, Steubenville, Ohio, 43952",(740) 283-3767,(740) 283-8930,Melinda Young,myoung@scsohio.org,N/A,Robert Lamantia,N/A,N/A,N/A,N/A,N/A,050765,Ohio Department of Education and Workforce
districts.csv,2026-10-09,044842,Strongsville City,N/A,N/A,Traditional Public District,District,Open,Cuyahoga,http://www.strongnet.org/,N/A,"18199 Cook Ave, Strongsville, Ohio, 44136",(440) 572-7000,(440) 238-7242,Cameron Ryba,cryba@scsmustangs.org,N/A,George Anagnostou,N/A,N/A,N/A,N/A,N/A,050765,Ohio Department of Education and Workforce
districts.csv,2026-10-09,044909,Toledo City,N/A,N/A,Traditional Public District,District,Open,Lucas,http://www.tps.org/,rdurant@tps.org,"1609 N Summit St, Toledo, Ohio, 43604",(419) 671-0500,(419) 671-0088,Romules Durant,rdurant@tps.org,N/A,Paul Lockwood III,rlockwood@tps.org,N/A,N/A,N/A,N/A,050765,Ohio Department of Education and Workforce
districts.csv,2026-10-09,044933,Upper Arlington City,N/A,N/A,Traditional Public District,District,Open,Franklin,http://www.uaschools.org/,superintendent@uaschools.org,"1619 Zollinger Rd, Upper Arlington, Ohio, 43221",(614) 487-5000,(614) 487-5012,Robert Hunt,N/A,N/A,Andrew Geistfeld,ageistfeld@uaschools.org,N/A,N/A,N/A,N/A,050765,Ohio Department of Education and Workforce
districts.csv,2026-10-09,045096,Willard City,N/A,N/A,Traditional Public District,District,Open,Huron,http://www.willard.k12.oh.us/,jeffritz@willardcityschools.org,"123 W Whisler Dr, Willard, Ohio, 44890",(419) 935-1541,(419) 935-8491,Jeffery Ritz,ritz.jeff@willardschools.org,N/A,Bethany Lykins,lykins.beth@willardschools.org,N/A,N/A,N/A,N/A,050765,Ohio Department of Education and Workforce
districts.csv,2026-10-09,045161,Youngstown City,N/A,N/A,Traditional Public District,District,Open,Mahoning,http://www.ycsd.org,Jeremy.Batchelor@youngstown.k12.oh.us,"20 W Wood St, Youngstown, Ohio, 44503",(330) 744-6900,(330) 743-8557,Jeremy Batchelor,jeremy.batchelor@youngstown.k12.oh.us,(330) 744-6900,Michael Rock,N/A,(330) 599-9736,N/A,N/A,N/A,050765,Ohio Department of Education and Workforce
districts.csv,2026-10-09,045237,Bridgeport Exempted Village,N/A,N/A,Traditional Public District,District,Open,Belmont,http://www.bevs.k12.oh.us/,N/A,"55781 National Rd, Bridgeport, Ohio, 43912",(740) 635-1713,(740) 635-6003,Brent Ripley,brent.ripley@bridgeportschools.net,N/A,David Nelson,david.nelson@bridgeportschools.net,N/A,N/A,N/A,N/A,050765,Ohio Department of Education and Workforce
districts.csv,2026-10-09,045245,Harrison Hills City,N/A,N/A,Traditional Public District,District,Open,Harrison,http://www.hhcsd.org/,kjohnson@hhcsd.org,"100 Huskies Way, Cadiz, Ohio, 43907",(740) 942-7800,(740) 942-7812,Duran Morgan,dmorgan@hhcsd.org,N/A,Linda Harding,N/A,N/A,N/A,N/A,N/A,050765,Ohio Department of Education and Workforce
districts.csv,2026-10-09,045344,Crestline Exempted Village,N/A,N/A,Traditional Public District,District,Open,Crawford,http://www.crestlinebulldogs.org,saxer.james@crestlinebulldogs.org,"401 Heiser Ct, Crestline, Ohio, 44827",(419) 683-3647,(419) 683-4984,James Saxer,N/A,N/A,Janice Wyckoff,N/A,N/A,N/A,N/A,N/A,050765,Ohio Department of Education and Workforce
districts.csv,2026-10-09,045419,Hicksville Exempted Village School District,N/A,N/A,Traditional Public District,District,Open,Defiance,http://www.hicksvilleschools.org,N/A,"958 E High St, Hicksville, Ohio, 43526",(419) 542-7665,(419) 542-8534,Aaron Hylander,N/A,N/A,Michael Ruen,ruenm@hicksvilleschools.org,N/A,N/A,N/A,N/A,050765,Ohio Department of Education and Workforce
districts.csv,2026-10-09,045518,Milton-Union Exempted Village,N/A,N/A,Traditional Public District,District,Open,Miami,http://www.milton-union.k12.oh.us/,N/A,"7610 Milton Potsdam Rd, West Milton, Ohio, 45383",(937) 884-7910,(937) 884-7911,Brad Ritchey,N/A,N/A,Cheyanne Solomon,N/A,N/A,N/A,N/A,N/A,050765,Ohio Department of Education and Workforce
districts.csv,2026-10-09,045526,Montpelier Exempted Village,N/A,N/A,Traditional Public District,District,Open,Williams,http://www.montpelier-k12.org,N/A,"1015 E Brown Rd, Montpelier, Ohio, 43543",(419) 485-6700,N/A,Travis Lichty,tlichty@montpelier-k12.org,N/A,Eric Smeltzer,N/A,N/A,N/A,N/A,N/A,050765,Ohio Department of Education and Workforce
districts.csv,2026-10-09,045575,Paulding Exempted Village,N/A,N/A,Traditional Public District,District,Open,Paulding,http://www.pauldingschools.org/,N/A,"405 N Water St, Paulding, Ohio, 45879",(419) 399-4656,(419) 399-2404,Christopher Etzler,N/A,N/A,Jacob Thiel,j_thiel@pauldingschools.org,N/A,N/A,N/A,N/A,050765,Ohio Department of Education and Workforce
districts.csv,2026-10-09,045591,Rittman Exempted Village,N/A,N/A,Traditional Public District,District,Open,Wayne,https://www.rittmanschools.org/,N/A,"100 Saurer St, Rittman, Ohio, 44270",(330) 927-7400,(330) 927-7405,James Ritchie,N/A,N/A,Mark Dickerhoof,N/A,N/A,N/A,N/A,N/A,050765,Ohio Department of Education and Workforce
districts.csv,2026-10-09,045658,Wellington Exempted Village,N/A,N/A,Traditional Public District,District,Open,Lorain,https://www.wellingtonvillageschools.org/,apeltz@wellingtonvillageschools.org,"305 Union St, Wellington, Ohio, 44090",(440) 647-4286,(440) 647-4806,Andrew Peltz,N/A,N/A,Lowell Bailey,N/A,N/A,N/A,N/A,N/A,050765,Ohio Department of Education and Workforce
districts.csv,2026-10-09,048520,Meigs Local,N/A,N/A,Traditional Public District,District,Open,Meigs,http://www.ml.k12.oh.us/,N/A,"41765 Pomeroy Pike, Pomeroy, Ohio, 45769",(740) 992-2153,(740) 992-7814,Shawn Bush,shawn.bush@meigslocal.org,N/A,Ashley Miller,ashley.miller@meigslocal.org,N/A,N/A,N/A,N/A,135145,Athens-Meigs ESC
districts.csv,2026-10-09,048595,Fort Recovery Local,N/A,N/A,Traditional Public District,District,Open,Mercer,http://www.fortrecoveryschools.org/,knapkede@fortrecoveryschools.org,"400 E Butler St, Fort Recovery, Ohio, 45846",(419) 375-4139,(419) 375-1058,Anthony Stahl,N/A,N/A,Deanna Knapke,N/A,N/A,N/A,N/A,N/A,048546,Grand Lake Regional Educational Service Center
districts.csv,2026-10-09,048702,Mad River Local,N/A,N/A,Traditional Public District,District,Open,Montgomery,http://thunder.madriver.k12.oh.us/,chad.wyen@madriverschools.org,"801 Old Harshman Rd, Dayton, Ohio, 45431",(937) 259-6606,(937) 259-6607,Chad Wyen,N/A,N/A,Christopher Fox,N/A,(937) 941-5537,N/A,N/A,N/A,048660,Montgomery County ESC
districts.csv,2026-10-09,048777,Morgan Local,N/A,N/A,Traditional Public District,District,Open,Morgan,https://www.morganschools.org,cpalmer@morganschools.org,"65 W Union Ave, Mc Connelsville, Ohio, 43756",(740) 962-2782,(740) 962-4931,Gregory Gifford,ggifford@morganschools.org,N/A,Cody Palmer,N/A,N/A,N/A,N/A,N/A,125252,Muskingum Valley ESC
districts.csv,2026-10-09,048934,Danbury Local,N/A,N/A,Traditional Public District,District,Open,Ottawa,http://www.danburyschools.org/,baumgardners@danburyschools.org,"9451 E Harbor Rd, Lakeside Marblehead, Ohio, 43440",(419) 798-5185,N/A,Cari Buehler,N/A,N/A,LYNNETTE Gilbert,gilbertl@danburyschools.org,N/A,N/A,N/A,N/A,125690,North Point Educational Service Center
districts.csv,2026-10-09,048942,Genoa Area Local,N/A,N/A,Traditional Public District,District,Open,Ottawa,http://www.genoaschools.com/,N/A,"2810 N Genoa Clay Center Rd, Genoa, Ohio, 43430",(419) 855-7741,(419) 855-4030,Cody McPherson,cdmcpherson@genoaschools.com,N/A,John Nye,jwnye@genoaschools.com,N/A,N/A,N/A,N/A,125690,North Point Educational Service Center
districts.csv,2026-10-09,048959,Middle Bass Local,N/A,N/A,Traditional Public District,District,Open,Ottawa,N/A,N/A,"985 Fox Rd, Middle Bass, Ohio, 43446",(419) 285-2810,(419) 855-3704,Matthew Markling,N/A,N/A,John Schneider,N/A,N/A,N/A,N/A,N/A,125690,North Point Educational Service Center
districts.csv,2026-10-09,048967,North Bass Local,N/A,N/A,Traditional Public District,District,Open,Ottawa,N/A,N/A,"515 Kenny Rd, Isle St George, Ohio, 43436",(614) 554-4546,N/A,Matthew Markling,N/A,N/A,Bart Anderson,N/A,N/A,N/A,N/A,N/A,125690,North Point Educational Service Center
districts.csv,2026-10-09,049130,Scioto Valley Local,N/A,N/A,Traditional Public District,District,Open,Pike,http://www.piketon.k12.oh.us/,N/A,"1414 Piketon Rd, Piketon, Ohio, 45661",(740) 289-4456,(740) 289-3065,Wesley Hairston,Wes.hairston@redstreaks.org,N/A,Megan Williams,mwilliams@redstreaks.org,N/A,N/A,N/A,N/A,138222,Ross-Pike ESC
districts.csv,2026-10-09,049148,Waverly City,N/A,N/A,Traditional Public District,District,Open,Pike,http://www.waverly.k12.oh.us/,N/A,"1 Tiger Dr, Waverly, Ohio, 45690",(740) 947-4770,(740) 947-4483,William Hoover,bill.hoover@waverlytigers.net,N/A,Rebecca Peden,becki.peden@waverlytigers.net,N/A,N/A,N/A,N/A,050765,Ohio Department of Education and Workforce
districts.csv,2026-10-09,049155,Western Local,N/A,N/A,Traditional Public District,District,Open,Pike,http://www.westernlocalschools.com/,tyler.cooper@westernlocalschools.com,"7959 State Route 124, Latham, Ohio, 45646",(740) 493-3113,(740) 493-2065,Brock Brewster,N/A,N/A,Tyler Cooper,N/A,N/A,N/A,N/A,N/A,138222,Ross-Pike ESC
districts.csv,2026-10-09,045781,Perry Local,N/A,N/A,Traditional Public District,District,Open,Allen,www.mycommodores.org,N/A,"2770 E Breese Rd, Lima, Ohio, 45806",(419) 221-2770,(419) 224-6215,Tyler Turner,tyler.turner@mycommodores.org,N/A,Mandy France,N/A,N/A,N/A,N/A,N/A,045740,Allen County ESC
districts.csv,2026-10-09,045823,Hillsdale Local,N/A,N/A,Traditional Public District,District,Open,Ashland,http://www.hillsdale.k12.oh.us/,baustin@hillsdalelocalschools.org,"479 Township Road 1902, Jeromesville, Ohio, 44840",(419) 368-8231,(419) 368-7504,Catherine Trevathan,ctrevathan@hillsdalelocalschools.org,N/A,Lesa Deter,ldeter@hillsdalelocalschools.org,N/A,N/A,N/A,N/A,050526,Tri-County ESC
districts.csv,2026-10-09,045963,New Knoxville Local,N/A,N/A,Traditional Public District,District,Open,Auglaize,http://www.nkrangers.org,www.nkrangers.org,"345 S Main St, New Knoxville, Ohio, 45871",(419) 753-2431,(419) 753-2333,MARK Platfoot,N/A,N/A,Andrew Meckstroth,N/A,N/A,N/A,N/A,N/A,045930,Auglaize County ESC
districts.csv,2026-10-09,046136,New Miami Local,N/A,N/A,Traditional Public District,District,Open,Butler,http://www.new-miami.k12.oh.us/,tcook@new-miami.k12.oh.us,"600 Seven Mile Ave, Hamilton, Ohio, 45011",(513) 863-0833,(513) 863-0497,Rhonda Parker,N/A,N/A,Robin Bonar,N/A,N/A,N/A,N/A,N/A,046086,Butler County ESC
districts.csv,2026-10-09,046219,West Liberty-Salem Local,N/A,N/A,Traditional Public District,District,Open,Champaign,https://www.wlstigers.org/,estafford@wlstigers.org,"7208 US Highway 68 N, West Liberty, Ohio, 43357",(937) 465-1075,(937) 465-1095,Kraig Hissong,khissong@wlstigers.org,N/A,CHELSEA Baldwin,N/A,N/A,N/A,N/A,N/A,137364,Madison-Champaign ESC
districts.csv,2026-10-09,046243,Tecumseh Local,N/A,N/A,Traditional Public District,District,Open,Clark,http://www.tecumseh.k12.oh.us/,paula.crew@tecumsehlocal.org,"9760 W National Rd, New Carlisle, Ohio, 45344",(937) 845-3576,(937) 845-4453,Paula Crew,N/A,N/A,Denise Robinson,N/A,N/A,N/A,N/A,N/A,046227,Clark County ESC
districts.csv,2026-10-09,046300,Batavia Local,N/A,N/A,Traditional Public District,District,Open,Clermont,http://www.bataviaschools.org/,N/A,"4 Bulldog Pl, Batavia, Ohio, 45103",(513) 732-2343,(513) 732-3221,Keith Millard,N/A,N/A,Clayton St Pierre,N/A,N/A,N/A,N/A,N/A,046292,Clermont County ESC
districts.csv,2026-10-09,046334,Felicity-Franklin Local,N/A,N/A,Traditional Public District,District,Open,Clermont,http://www.felicityschools.org/,reddenk@felicityohioschools.org,"105 Market St, Felicity, Ohio, 45120",(513) 362-5348,(513) 876-2519,Robert Walker,walkerb@felicityohioschools.org,N/A,David Colwell,colwelld@felicityohioschools.org,(513) 362-5347,N/A,N/A,N/A,046292,Clermont County ESC
districts.csv,2026-10-09,046482,River View Local,N/A,N/A,Traditional Public District,District,Open,Coshocton,http://www.river-view.k12.oh.us/,chuck.rinkes@rvbears.org,"26496 State Route 60, Warsaw, Ohio, 43844",(740) 824-3521,(740) 824-3760,Charles Rinkes,N/A,N/A,Kara Kimes,kara.kimes@rvbears.org,N/A,N/A,N/A,N/A,125252,Muskingum Valley ESC
districts.csv,2026-10-09,046557,Cuyahoga Heights Local,N/A,N/A,Traditional Public District,District,Open,Cuyahoga,http://www.cuyhts.org,N/A,"4820 E 71st St, Cuyahoga Heights, Ohio, 44125",(216) 429-5700,(216) 341-3737,William Young,myoung@cuyhts.org,N/A,Matthew Muccio,mmuccio@cuyhts.org,N/A,N/A,N/A,N/A,046532,ESC of Northeast Ohio
districts.csv,2026-10-09,046565,Independence Local,N/A,N/A,Traditional Public District,District,Open,Cuyahoga,www.independence.k12.oh.us ,jknapp@independence.k12.oh.us,"7733 Stone Rd, Independence, Ohio, 44131",(216) 642-5850,(216) 642-3482,Kelli Cogan,kcogan@independence.k12.oh.us,N/A,Jennifer Knapp,jknapp@independence.k12.oh.us,N/A,N/A,N/A,N/A,046532,ESC of Northeast Ohio
districts.csv,2026-10-09,046573,Olmsted Falls City,N/A,N/A,Traditional Public District,District,Open,Cuyahoga,http://www.ofcs.net/,sbradley@ofcs.net,"26937 Bagley Rd, Olmsted Falls, Ohio, 44138",(440) 427-6000,(440) 427-6010,James Lloyd,jlloyd@ofcs.net,N/A,Patrick Goclano,pgoclano@ofcs.net,N/A,N/A,N/A,N/A,050765,Ohio Department of Education and Workforce
districts.csv,2026-10-09,046631,Arcanum-Butler Local ,N/A,N/A,Traditional Public District,District,Open,Darke,http://www.arcanum-butler.k12.oh.us/,john_stephens@arcanum-butler.k12.oh.us,"2011 Trojan Ave, Arcanum, Ohio, 45304",(937) 692-5174,(937) 692-5959,Johnathan Stephens,john_stephens@arcanum-butler.k12.oh.us,N/A,Matthew Huffman,N/A,N/A,N/A,N/A,N/A,046615,Darke County ESC
districts.csv,2026-10-09,046714,Central Local ,N/A,N/A,Traditional Public District,District,Open,Defiance,http://www.centrallocal.org/,N/A,"6289 Us Highway 127, Sherwood, Ohio, 43556",(419) 658-2808,(419) 658-4010,Alan Keesee,N/A,N/A,Kerry Samples,N/A,N/A,N/A,N/A,N/A,124297,Northwest Ohio Educational Service Center
districts.csv,2026-10-09,046722,Northeastern Local,N/A,N/A,Traditional Public District,District,Open,Defiance,http://www.tinora.org,nwells@tinora.org,"5855 Domersville Rd, Defiance, Ohio, 43512",(419) 497-3461,(419) 497-3401,NICOLE WELLS,N/A,N/A,Sara Buchhop,sbuchhop@tinora.org,N/A,N/A,N/A,N/A,124297,Northwest Ohio Educational Service Center
districts.csv,2026-10-09,046755,Buckeye Valley Local Schools,N/A,N/A,Traditional Public District,District,Open,Delaware,https://www.mybvls.org/,N/A,"679 Coover Rd, Delaware, Ohio, 43015",(740) 369-8735,(740) 363-7654,Richard Stranges,rstranges@mybvls.org,(740) 369-8735,KELLY ZIEGLER,N/A,N/A,N/A,N/A,N/A,046938,ESC of Central Ohio
districts.csv,2026-10-09,046805,Margaretta Local,N/A,N/A,Traditional Public District,District,Open,Erie,https://www.margarettaschooldistrict.com,N/A,"3800 Maple Ave, Castalia, Ohio, 44824",(419) 684-5322,(419) 684-9003,Edward Kurt,ekurt@margarettaschooldistrict.com,N/A,Keegan Hall,N/A,N/A,N/A,N/A,N/A,125690,North Point Educational Service Center
districts.csv,2026-10-09,046813,Perkins Local,N/A,N/A,Traditional Public District,District,Open,Erie,http://www.perkinsschools.org/,mbaumgardner@perkinsschools.org,"3714 Campbell St Ste B, Sandusky, Ohio, 44870",(419) 625-0484,(419) 621-2052,Lonny Rivera,lrivera@perkinsschools.org,N/A,Brittany Keller,bkeller@perkinsschools.org,N/A,N/A,N/A,N/A,125690,North Point Educational Service Center
districts.csv,2026-10-09,046904,Walnut Township Local,N/A,N/A,Traditional Public District,District,Open,Fairfield,http://www.walnuttsd.org/,N/A,"11850 Lancaster St, Millersport, Ohio, 43046",(740) 467-2802,(740) 467-3494,Mark Wilcheck,mwilcheck@walnuttsd.org,(740) 467-2802,Jill Bradford,N/A,N/A,N/A,N/A,N/A,046839,Fairfield County ESC
districts.csv,2026-10-09,046995,New Albany-Plain Local,N/A,N/A,Traditional Public District,District,Open,Franklin,http://www.napls.us/,N/A,"55 N High St, New Albany, Ohio, 43054",(614) 855-2040,(614) 855-2043,Jason Fine,N/A,N/A,Rebecca Jenkins,N/A,N/A,N/A,N/A,N/A,046938,ESC of Central Ohio
districts.csv,2026-10-09,047076,Pettisville Local,N/A,N/A,Traditional Public District,District,Open,Fulton,http://pettisvilleschools.org/,blackbirds@nwoca.org,"232 Summit St, Pettisville, Ohio, 43553",(419) 446-2705,(419) 445-2992,Joshua Clark,N/A,N/A,Christopher Lee,N/A,N/A,N/A,N/A,N/A,124297,Northwest Ohio Educational Service Center
districts.csv,2026-10-09,047225,West Geauga Local,N/A,N/A,Traditional Public District,District,Open,Geauga,http://www.westg.org/,karen.pavlat@westg.org,"8615 Cedar Rd, Chesterland, Ohio, 44026",(440) 729-5900,N/A,Nancy Benincasa,nancy.benincasa@westg.org,N/A,Karen Pavlat,Karen.pavlat@westg.org,N/A,N/A,N/A,N/A,047860,Educational Service Center of the Western Reserve
districts.csv,2026-10-09,045450,Lisbon Exempted Village,N/A,N/A,Traditional Public District,District,Open,Columbiana,http://www.lisbon.k12.oh.us/,joe.siefke@lisbon.k12.oh.us,"317 N Market St, Lisbon, Ohio, 44432",(330) 424-7714,(330) 424-0135,Joseph Siefke,joe.siefke@lisbon.k12.oh.us,N/A,Jennifer Coldsnow,jcoldsnow@leetonia.k12.oh.us,N/A,N/A,N/A,N/A,050765,Ohio Department of Education and Workforce
districts.csv,2026-10-09,045476,Marysville Exempted Village,N/A,N/A,Traditional Public District,District,Open,Union,http://www.marysville.k12.oh.us/,N/A,"212 Chestnut St, Marysville, Ohio, 43040",(937) 578-6100,(937) 578-6113,Zachary Howard,zack.howard@mevsd.us,N/A,Todd Johnson,N/A,N/A,N/A,N/A,N/A,050765,Ohio Department of Education and Workforce
districts.csv,2026-10-09,045534,Mount Gilead Exempted Village,N/A,N/A,Traditional Public District,District,Open,Morrow,www.mgschools.org,jeremyfroehlich@mgschools.org,"145 N Cherry St, Mount Gilead, Ohio, 43338",(419) 946-1646,(419) 946-3651,Jeremy Froehlich,jeremyfroehlich@mgschools.org,N/A,Tina Gabler,N/A,N/A,N/A,N/A,N/A,050765,Ohio Department of Education and Workforce
districts.csv,2026-10-09,045542,Newcomerstown Exempted Village,N/A,N/A,Traditional Public District,District,Open,Tuscarawas,http://www.nctschools.org/,N/A,"702 S River St, Newcomerstown, Ohio, 43832",(740) 498-8373,(740) 498-8375,Jason Peoples,jason.peoples@staff.nctschools.org,N/A,Christie Green,N/A,N/A,N/A,N/A,N/A,125252,Muskingum Valley ESC
districts.csv,2026-10-09,045567,Newton Falls Exempted Village,N/A,N/A,Traditional Public District,District,Open,Trumbull,https://1tiger.org/,ajohansson@nfschools.org,"909 1/2 Milton Blvd, Newton Falls, Ohio, 44444",(330) 333-5100,(330) 872-3351,Andreas Johansson,ajohansson@nfschools.org,N/A,Merri Smith,N/A,N/A,N/A,N/A,N/A,050765,Ohio Department of Education and Workforce
districts.csv,2026-10-09,045617,Tipp City Exempted Village,N/A,N/A,Traditional Public District,District,Open,Miami,http://www.tippcityschools.com/,amoran@tippcity.k12.oh.us,"90 S Tippecanoe Dr, Tipp City, Ohio, 45371",(937) 667-8444,(937) 667-6886,Aaron Moran,amoran@tippcity.k12.oh.us,N/A,David Stevens,dstevens@tippcity.k12.oh.us,N/A,N/A,N/A,N/A,050765,Ohio Department of Education and Workforce
districts.csv,2026-10-09,045633,Versailles Exempted Village,N/A,N/A,Traditional Public District,District,Open,Darke,www.versailles.k12.oh.us,districtoffice@vtigers.org,"459 S Center St, Versailles, Ohio, 45380",(937) 526-4773,(937) 526-5745,David Harmon,david.harmon@vtigers.org,N/A,Bradley Luthman,N/A,(937) 526-4773,N/A,N/A,N/A,050765,Ohio Department of Education and Workforce
districts.csv,2026-10-09,045641,Wauseon Exempted Village,N/A,N/A,Traditional Public District,District,Open,Fulton,https://sites.google.com/wauseonindians.org/wevs/home,N/A,"930 E Oak St, Wauseon, Ohio, 43567",(419) 335-6616,(419) 335-3978,Keith Leatherman,N/A,N/A,John Kahmann,N/A,N/A,N/A,N/A,N/A,124297,Northwest Ohio Educational Service Center
districts.csv,2026-10-09,045757,Allen East Local,N/A,N/A,Traditional Public District,District,Open,Allen,http://www.alleneastschools.org/,willoughbyj@alleneastschools.org,"9105 Harding Hwy, Harrod, Ohio, 45850",(419) 648-3333,(419) 648-5282,Julie Willoughby,N/A,N/A,Andrea Snyder,N/A,N/A,N/A,N/A,N/A,050765,Ohio Department of Education and Workforce
districts.csv,2026-10-09,045831,Mapleton Local,N/A,N/A,Traditional Public District,District,Open,Ashland,https://mapletonmounties.org/,ssmith@imountie.org,"635 County Road 801, Ashland, Ohio, 44805",(419) 945-8170,N/A,Ronald Smith,N/A,N/A,KATHLEEN WILEY,kawiley@imountie.org,N/A,N/A,N/A,N/A,050526,Tri-County ESC
districts.csv,2026-10-09,047258,Cedar Cliff Local,N/A,N/A,Traditional Public District,District,Open,Greene,http://cedarcliffschools.net,cmason@ccliff.net,"248 N Main St, Cedarville, Ohio, 45314",(937) 766-6000,(937) 766-4717,Brian Masser,bmasser@ccliff.net,N/A,Julie Lowe,N/A,N/A,N/A,N/A,N/A,047233,Greene County ESC
districts.csv,2026-10-09,047266,Greeneview Local,N/A,N/A,Traditional Public District,District,Open,Greene,http://www.greeneview.k12.oh.us/,N/A,"4 S Charleston Rd, Jamestown, Ohio, 45335",(937) 675-2728,(937) 675-6807,Sabrina Woodruff,N/A,N/A,Inga Fisher,N/A,N/A,N/A,N/A,N/A,047233,Greene County ESC
districts.csv,2026-10-09,047332,Finneytown Local,N/A,N/A,Traditional Public District,District,Open,Hamilton,https://finneytown.org/,N/A,"8791 Brent Dr, Cincinnati, Ohio, 45231",(513) 728-3700,(513) 931-0986,Anthony Smith,anthony.smith@finneytown.org,N/A,Anita Ruffin,aeruffin@finneytown.org,N/A,N/A,N/A,N/A,050765,Ohio Department of Education and Workforce
districts.csv,2026-10-09,047431,Cory-Rawson Local,N/A,N/A,Traditional Public District,District,Open,Hancock,http://cory-rawson.k12.oh.us/,N/A,"3930 County Road 26, Rawson, Ohio, 45881",(419) 963-3415,(419) 963-4400,Anthony Fenstermaker,fenstermaker@cory-rawson.org,N/A,JUNE MILLER,N/A,N/A,N/A,N/A,N/A,047407,Hancock County ESC
districts.csv,2026-10-09,047506,Ridgemont Local,N/A,N/A,Traditional Public District,District,Open,Hardin,http://www.ridgemont.k12.oh.us/,brian.hogan@ridgemont.k12.oh.us,"560 Taylor St W, Mount Victory, Ohio, 43340",(937) 354-2441,(937) 354-2194,BRIAN Hogan,brian.hogan@ridgemont.k12.oh.us,N/A,Melissa Pollom,N/A,N/A,N/A,N/A,N/A,014777,Midwest Regional ESC
districts.csv,2026-10-09,047597,Patrick Henry Local,N/A,N/A,Traditional Public District,District,Open,Henry,http://www.phpatriots.org/,jbiederstedt@phpatriots.org,"6900 State Route 18, Hamler, Ohio, 43524",(419) 274-3015,(419) 275-8939,Joshua Biederstedt,N/A,N/A,Breanna DeWit,N/A,N/A,N/A,N/A,N/A,124297,Northwest Ohio Educational Service Center
districts.csv,2026-10-09,047761,Oak Hill Union Local,N/A,N/A,Traditional Public District,District,Open,Jackson,http://www.oakhill.k12.oh.us/,jason.mantell@oakhill.k12.oh.us,"205 Western Ave, Oak Hill, Ohio, 45656",(740) 682-7595,(740) 682-6998,Jason Mantell,N/A,N/A,Rhonda Harrison,rhonda.harrison@oakhill.k12.oh.us,N/A,N/A,N/A,N/A,125658,South Central Ohio ESC
districts.csv,2026-10-09,047837,Danville Local ,N/A,N/A,Traditional Public District,District,Open,Knox,http://www.danvilleschools.org/,N/A,"203 S Richards St, Danville, Ohio, 43014",(740) 599-6116,(740) 599-5417,Jason Snively,jason.snively@danvilleschools.org,N/A,Tonya Mickley,N/A,N/A,N/A,N/A,N/A,047811,Knox County ESC
districts.csv,2026-10-09,047845,East Knox Local,N/A,N/A,Traditional Public District,District,Open,Knox,http://www.eastknox.k12.oh.us/,rbaird@ekschools.org,"23201 Coshocton Rd, Howard, Ohio, 43028",(740) 599-7000,(740) 599-5863,Richard Baird,rbaird@ekschools.org,N/A,Jessica Busenburg,jbusenburg@ekschools.org,N/A,N/A,N/A,N/A,047811,Knox County ESC
districts.csv,2026-10-09,047944,Rock Hill Local,N/A,N/A,Traditional Public District,District,Open,Lawrence,http://www.rockhill.org/,DHOPPER@ROCKHILL.ORG,"2325A Co. Rd. 26, Ironton, Ohio, 45638",(740) 532-7030,(740) 532-7043,Glenn Hopper,dhopper@rockhill.org,N/A,Luke Simpson,N/A,N/A,N/A,N/A,N/A,047910,Lawrence County ESC
districts.csv,2026-10-09,048033,Northridge Local,N/A,N/A,Traditional Public District,District,Open,Licking,http://www.northridge.k12.oh.us/,jadamson@northridgevikings.org,"6097 Johnstown Utica Rd, Johnstown, Ohio, 43031",(740) 967-6631,(740) 967-5022,Brian Blum,bblum@northridgevikings.org,N/A,Matthew Lauvray,mlauvray@northridgevikings.org,N/A,N/A,N/A,N/A,047977,Licking Regional Educational Service Center
districts.csv,2026-10-09,045021,Wellston City ,N/A,N/A,Traditional Public District,District,Open,Jackson,http://wcs.k12.oh.us/,N/A,"1 E Broadway St, Wellston, Ohio, 45692",(740) 384-2152,(740) 384-3948,Timothy Dorne,N/A,N/A,LAURA BRIGGS,lbriggs@wcs.k12.oh.us,N/A,N/A,N/A,N/A,050765,Ohio Department of Education and Workforce
districts.csv,2026-10-09,045039,Wellsville Local,N/A,N/A,Traditional Public District,District,Open,Columbiana,http://www.wellsville.k12.oh.us/,kexline@wellsville.k12.oh.us,"472 14th St, Wellsville, Ohio, 43968",(330) 532-0075,(330) 532-6204,Kyle Exline,N/A,N/A,sarah Palm,N/A,N/A,N/A,N/A,N/A,046417,Columbiana County ESC
districts.csv,2026-10-09,045054,West Carrollton City,N/A,N/A,Traditional Public District,District,Open,Montgomery,http://www.westcarrolltonschools.com/,ryerman@wcsd.k12.oh.us,"430 E Pease Ave, West Carrollton, Ohio, 45449",(937) 859-5121,(937) 859-5250,Andrea Townsend,atownsend@wcsd.k12.oh.us,N/A,Ryan Slone,N/A,N/A,N/A,N/A,N/A,050765,Ohio Department of Education and Workforce
districts.csv,2026-10-09,045112,Wilmington City,N/A,N/A,Traditional Public District,District,Open,Clinton,https://www.wilmingtoncityschools.com,kesia.mccoy@wilmington.k12.oh.us,"341 S Nelson Ave, Wilmington, Ohio, 45177",(937) 382-1641,(937) 382-1645,Kesia McCoy,kesia.mccoy@wilmington.k12.oh.us,N/A,Kimberly DeWeese,N/A,N/A,N/A,N/A,N/A,050765,Ohio Department of Education and Workforce
districts.csv,2026-10-09,045120,Wooster City,N/A,N/A,Traditional Public District,District,Open,Wayne,http://www.woostercityschools.org/,wstr_dlorentz@woostercityschools.org,"144 N Market St, Wooster, Ohio, 44691",(330) 264-0869,(330) 262-3407,Gabriel Tudor,wstr_gtudor@woostercityschools.org,N/A,Amy Welty,wstr_awelty@woostercityschools.org,N/A,N/A,N/A,N/A,050765,Ohio Department of Education and Workforce
districts.csv,2026-10-09,045138,Worthington City,N/A,N/A,Traditional Public District,District,Open,Franklin,http://www.worthington.k12.oh.us/,N/A,"200 E Wilson Bridge Rd, Worthington, Ohio, 43085",(614) 450-6000,(614) 883-3150,Trent Bowers,tbowers@wscloud.org,N/A,Thomas Cusick,N/A,N/A,N/A,N/A,N/A,050765,Ohio Department of Education and Workforce
districts.csv,2026-10-09,045195,Amherst Exempted Village,N/A,N/A,Traditional Public District,District,Open,Lorain,http://www.amherstk12.org,christine_rider@amherstk12.org,"550 Milan Ave, Amherst, Ohio, 44001",(440) 988-4406,(440) 988-4413,Michael Molnar,N/A,N/A,Amelia Gioffredo,N/A,N/A,N/A,N/A,N/A,050765,Ohio Department of Education and Workforce
districts.csv,2026-10-09,045203,Barnesville Exempted Village,N/A,N/A,Traditional Public District,District,Open,Belmont,http://www.barnesville.k12.oh.us/,N/A,"210 W Church St, Barnesville, Ohio, 43713",(740) 425-3615,(740) 425-5000,Micah Fuchs,N/A,N/A,Adam Quirk,N/A,N/A,N/A,N/A,N/A,050765,Ohio Department of Education and Workforce
districts.csv,2026-10-09,045229,Bradford Exempted Village,N/A,N/A,Traditional Public District,District,Open,Miami,www.bradford.k12.oh.us,N/A,"760 Railroad Ave, Bradford, Ohio, 45308",(937) 448-2770,(937) 375-9321,Joseph Hurst,jhurst@bradford.k12.oh.us,N/A,Carla Surber,N/A,N/A,N/A,N/A,N/A,050765,Ohio Department of Education and Workforce
districts.csv,2026-10-09,045310,Coldwater Exempted Village,N/A,N/A,Traditional Public District,District,Open,Mercer,http://cw.noacsc.org/,mccoy.jenn@coldwatercavs.org,"310 N 2nd St, Coldwater, Ohio, 45828",(419) 678-2611,(419) 678-3100,Douglas Mader,N/A,N/A,Jennifer McCoy,mccoy.jenn@coldwatercavs.org,N/A,N/A,N/A,N/A,050765,Ohio Department of Education and Workforce
districts.csv,2026-10-09,048165,Keystone Local,N/A,N/A,Traditional Public District,District,Open,Lorain,https://www.keystonelocalschools.org/,N/A,"531 Opportunity Way, Lagrange, Ohio, 44050",(440) 355-2424,(440) 355-4465,Anna Minor,anna.minor@keystoneschools.org,N/A,Sandra Isabella,sandra.isabella@keystoneschools.org,N/A,N/A,N/A,N/A,048108,Lorain County ESC
districts.csv,2026-10-09,048256,Jefferson Local,N/A,N/A,Traditional Public District,District,Open,Madison,http://www.west-jefferson.k12.oh.us/,N/A,"906 W Main St, West Jefferson, Ohio, 43162",(614) 879-7654,(614) 879-5376,Jessica Mamais,jmamais@westjeff.org,N/A,Anne Spano,N/A,N/A,N/A,N/A,N/A,137364,Madison-Champaign ESC
districts.csv,2026-10-09,048272,Madison-Plains Local,N/A,N/A,Traditional Public District,District,Open,Madison,http://www.mplsd.org/,N/A,"55 Linson Rd, London, Ohio, 43140",(740) 852-0290,(740) 852-5895,Chadwick Eisler,ceisler@mplsd.org,N/A,TODD Mustain,N/A,N/A,N/A,N/A,N/A,137364,Madison-Champaign ESC
districts.csv,2026-10-09,048413,Elgin Local,N/A,N/A,Traditional Public District,District,Open,Marion,http://www.elginschools.org/,N/A,"1239 Keener Rd S, Marion, Ohio, 43302",(740) 382-1101,(740) 382-1672,Lane Warner,warner_l@elginschools.org,N/A,Matthew Cordes,N/A,N/A,N/A,N/A,N/A,123257,North Central Ohio ESC
districts.csv,2026-10-09,048421,Pleasant Local,N/A,N/A,Traditional Public District,District,Open,Marion,http://www.pleasant.treca.org/,tom.mcdonnell@pleasantstaff.org,"1117 Owens Rd W, Marion, Ohio, 43302",(740) 389-4476,(740) 389-6985,Thomas McDonnell,tom.mcdonnell@pleasantstaff.org,N/A,Anne Spence,N/A,N/A,N/A,N/A,N/A,123257,North Central Ohio ESC
districts.csv,2026-10-09,048447,River Valley Local,N/A,N/A,Traditional Public District,District,Open,Marion,http://www.rvk12.org,N/A,"197 Brockelsby Road, Caledonia, Ohio, 43314",(740) 725-5401,(740) 725-5499,Adam Wickham,N/A,N/A,Ethan Enders,N/A,(740) 262-4307,N/A,N/A,N/A,123257,North Central Ohio ESC
districts.csv,2026-10-09,048686,Jefferson Township Local,N/A,N/A,Traditional Public District,District,Open,Montgomery,http://www.jeffersontwp.k12.oh.us/,N/A,"2625 S Union Rd, Dayton, Ohio, 45417",(937) 835-5682,N/A,Ronda Welch,rwelch@jeffersontwp.k12.oh.us,(937) 835-5682,Cara Haywood,chaywood@jeffersontwp.k12.oh.us,N/A,N/A,N/A,N/A,048660,Montgomery County ESC
districts.csv,2026-10-09,048694,Trotwood-Madison City,N/A,N/A,Traditional Public District,District,Open,Montgomery,http://www.trotwood.k12.oh.us/,marlonhoward@trotwood.k12.oh.us,"3594 N Snyder Rd, Trotwood, Ohio, 45426",(937) 854-3050,(937) 854-3057,Marlon Howard,marlonhoward@trotwood.k12.oh.us,N/A,Jill Adams,N/A,N/A,N/A,N/A,N/A,050765,Ohio Department of Education and Workforce
districts.csv,2026-10-09,048751,Huber Heights City,N/A,N/A,Traditional Public District,District,Open,Montgomery,www.myhhcs.org,RUSS.FUSSNECKER@MYHHCS.ORG,"5954 Longford Rd, Huber Heights, Ohio, 45424",(937) 237-6300,(937) 237-2178,Simon Fussnecker Jr,russ.fussnecker@myhhcs.org,N/A,Bryan Janson,N/A,N/A,N/A,N/A,N/A,050765,Ohio Department of Education and Workforce
districts.csv,2026-10-09,048850,Maysville Local,N/A,N/A,Traditional Public District,District,Open,Muskingum,http://www.maysvillelocal.org,N/A,"3715 Panther Dr, Zanesville, Ohio, 43701",(740) 453-0754,(740) 455-4081,Joseph Daniels,joe.daniels@maysvillelocal.org,N/A,Nathan Lapp,nathan.lapp@maysvillelocal.org,(740) 453-0877,N/A,N/A,N/A,125252,Muskingum Valley ESC
districts.csv,2026-10-09,049122,Eastern Local School District,N/A,N/A,Traditional Public District,District,Open,Pike,http://www.ep.k12.oh.us,nathan.webb@easternpike.com,"1170 Tile Mill Rd, Beaver, Ohio, 45613",(740) 226-4851,(740) 226-1331,Rick Bowman,N/A,N/A,Robert Webb,nathan.webb@easternpike.com,N/A,N/A,N/A,N/A,138222,Ross-Pike ESC
districts.csv,2026-10-09,049247,Waterloo Local,N/A,N/A,Traditional Public District,District,Open,Portage,http://www.viking.portage.k12.oh.us/,FGANT@VIKING.PORTAGE.K12.OH.US,"1464 Industry Rd, Atwater, Ohio, 44201",(330) 947-2664,(330) 947-2847,Francis Gant,fgant@viking.portage.k12.oh.us,N/A,Jonathan Pusateri,jon.pusateri@apps.sparcc.org,N/A,N/A,N/A,N/A,046532,ESC of Northeast Ohio
districts.csv,2026-10-09,049320,Continental Local,N/A,N/A,Traditional Public District,District,Open,Putnam,http://continentalpirates.org/,N/A,"5211 State Route 634, Continental, Ohio, 45831",(419) 596-3671,(419) 596-3861,Timothy Eding,t.eding@continentalpirates.org,N/A,Amy Rau-Lawhorn,N/A,N/A,N/A,N/A,N/A,049304,Putnam County ESC
districts.csv,2026-10-09,049411,Clear Fork Valley Local,N/A,N/A,Traditional Public District,District,Open,Richland,https://cfcolts.org/,N/A,"211 School St, Bellville, Ohio, 44813",(419) 886-3855,(419) 886-2237,CODY REESE,reesec@cfcolts.org,N/A,Jon Mason,masonj@cfcolts.org,N/A,N/A,N/A,N/A,047811,Knox County ESC
districts.csv,2026-10-09,049494,Adena Local,N/A,N/A,Traditional Public District,District,Open,Ross,http://www.adena.k12.oh.us/,N/A,"3367 County Road 550, Frankfort, Ohio, 45628",(740) 998-4633,(740) 998-4632,Matthew Unger,matt.unger@adenalocalschools.com,N/A,Kelsen Morton,kell.morton@adenalocalschools.com,N/A,N/A,N/A,N/A,138222,Ross-Pike ESC
districts.csv,2026-10-09,049569,Lakota Local,N/A,N/A,Traditional Public District,District,Open,Sandusky,https://www.lakotaschools.org,ccoffman@lakotaschools.org,"5200 County Road 13, Kansas, Ohio, 44841",(419) 986-6610,(419) 986-6651,Chad Coffman,N/A,N/A,Norman Elchert,N/A,N/A,N/A,N/A,N/A,125690,North Point Educational Service Center
districts.csv,2026-10-09,049627,Minford Local,N/A,N/A,Traditional Public District,District,Open,Scioto,http://www.minford.k12.oh.us/,N/A,"491 Bond Rd, Minford, Ohio, 45653",(740) 820-3896,(740) 820-3334,Adam Michael,amichael@minfordfalcons.net,(740) 820-3020,Claudia Zaler,N/A,N/A,N/A,N/A,N/A,125658,South Central Ohio ESC
districts.csv,2026-10-09,049635,Northwest Local,N/A,N/A,Traditional Public District,District,Open,Scioto,https://www.nwmohawks.org/,heather.thompson@nwmohawks.org,"800 Mohawk Dr, Mc Dermott, Ohio, 45652",(740) 259-5558,(740) 259-3476,Heather Thompson,N/A,N/A,Daniel Hensley,N/A,N/A,N/A,N/A,N/A,125658,South Central Ohio ESC
districts.csv,2026-10-09,049643,Valley Local,N/A,N/A,Traditional Public District,District,Open,Scioto,http://www.valleyindians.net,aaron.franke@valleyls.org,"1821 State Route 728, Lucasville, Ohio, 45648",(740) 259-3115,(740) 259-2314,Aaron Franke,aaron.franke@valleyls.org,N/A,Kristi Hall,kristi.hall@valleyls.org,N/A,N/A,N/A,N/A,125658,South Central Ohio ESC
districts.csv,2026-10-09,049650,Washington-Nile Local,N/A,N/A,Traditional Public District,District,Open,Scioto,http://www.west.k12.oh.us,N/A,"15332 Us Highway 52, West Portsmouth, Ohio, 45663",(740) 858-1111,(740) 858-1110,Christopher Rapp,N/A,N/A,Sherry Patterson,sherry.patterson@westsenators.org,N/A,N/A,N/A,N/A,125658,South Central Ohio ESC
districts.csv,2026-10-09,049908,Northwest Local,N/A,N/A,Traditional Public District,District,Open,Stark,http://www.northwest.sparcc.org/,shawn.braman@nw.sparcc.org,"2309 Locust St S, Canal Fulton, Ohio, 44614",(330) 854-2291,(330) 854-3591,Shawn Braman,N/A,N/A,Stephanie Fakelis,stef.fakelis@nw.sparcc.org,N/A,N/A,N/A,N/A,049825,Stark County ESC
districts.csv,2026-10-09,049924,Perry Local,N/A,N/A,Traditional Public District,District,Open,Stark,http://perrylocal.org/,shannon.fisher@perrylocal.org,"4201 13th St SW, Massillon, Ohio, 44646",(330) 477-8121,(330) 478-6184,Nathan Stutz,nathan.stutz@perrylocal.org,N/A,Timothy Pittman,scott.pittman@perrylocal.org,N/A,N/A,N/A,N/A,049825,Stark County ESC
districts.csv,2026-10-09,045922,Trimble Local,N/A,N/A,Traditional Public District,District,Open,Athens,http://trimble.k12.oh.us/,N/A,"1 Tomcat Dr, Glouster, Ohio, 45732",(740) 767-4444,(740) 767-4901,Kristin Barker,kristi.syme@trimblelocalschools.org,N/A,Laura Cassell,lcassell@fairfieldesc.org,N/A,N/A,N/A,N/A,135145,Athens-Meigs ESC
districts.csv,2026-10-09,046003,Shadyside Local,N/A,N/A,Traditional Public District,District,Open,Belmont,https://www.shadysideschools.com,john.haswell@shadysidelocal.org,"3890 Lincoln Ave, Shadyside, Ohio, 43947",(740) 676-3235,(740) 671-5005,John Haswell,john.haswell@shadysidelocal.org,N/A,Melissa Visnic,melissa.visnic@shadysidelocal.org,N/A,N/A,N/A,N/A,050260,East Central Ohio ESC
districts.csv,2026-10-09,046128,Madison Local,N/A,N/A,Traditional Public District,District,Open,Butler,http://www.madisonmohawks.org/,TEARALEE.FREDERICK@MADISONMOHAWKS.ORG,"1324 Middletown Eaton Rd, Middletown, Ohio, 45042",(513) 420-4750,(513) 420-4781,Jeffery Staggs,jeff.staggs@madisonmohawks.org,N/A,Tearalee Frederick,N/A,N/A,N/A,N/A,N/A,046086,Butler County ESC
districts.csv,2026-10-09,046201,Triad Local,N/A,N/A,Traditional Public District,District,Open,Champaign,http://www.triadk12.org,lawsonf@triadk12.org,"7920 Brush Lake Road, North Lewisburg, Ohio, 43060",(937) 826-4961,(937) 826-3281,Vickie Hoffman,N/A,N/A,Nathan Hilborn,N/A,N/A,N/A,N/A,N/A,137364,Madison-Champaign ESC
districts.csv,2026-10-09,046268,Northwestern Local,N/A,N/A,Traditional Public District,District,Open,Clark,http://www.northwestern.k12.oh.us/,N/A,"5610 Troy Rd, Springfield, Ohio, 45502",(937) 964-1318,(937) 964-6019,Ryan Rismiller,rismillerr@nwlschools.org,(614) 565-0068,Jennifer Ashbaugh,ashbaughj@nwlschools.org,N/A,N/A,N/A,N/A,046227,Clark County ESC
districts.csv,2026-10-09,046284,Clark-Shawnee Local,N/A,N/A,Traditional Public District,District,Open,Clark,http://www.clarkshawnee.org,N/A,"3680 Selma Rd, Springfield, Ohio, 45502",(937) 717-2401,(937) 717-2411,Brian Kuhn,brian.kuhn@cslocal.org,N/A,Thomas Faulkner,N/A,N/A,N/A,N/A,N/A,046227,Clark County ESC
districts.csv,2026-10-09,046342,Goshen Local,N/A,N/A,Traditional Public District,District,Open,Clermont,http://www.goshenlocalschools.org/,baileyb@goshenlocalschools.org,"6694 Goshen Rd, Goshen, Ohio, 45122",(513) 722-2222,(513) 722-3767,Brian Bailey,baileyb@goshenlocalschools.org,N/A,Todd Shinkle,shinklet@goshenlocalschools.org,N/A,N/A,N/A,N/A,046292,Clermont County ESC
districts.csv,2026-10-09,046425,Beaver Local,N/A,N/A,Traditional Public District,District,Open,Columbiana,http://www.beaver.k12.oh.us/,debbie.miller@beaverlocal.org,"46088 Bell School Rd, East Liverpool, Ohio, 43920",(330) 385-6831,(330) 386-8711,Eric Lowe,eric.lowe@beaverlocal.org,N/A,Stacy Williams,N/A,N/A,N/A,N/A,N/A,046417,Columbiana County ESC
districts.csv,2026-10-09,046599,Richmond Heights Local,N/A,N/A,Traditional Public District,District,Open,Cuyahoga,http://www.richmondheightsschools.org/,Brown.Marnisha@richmondheightsschools.org,"447 Richmond Rd, Richmond Heights, Ohio, 44143",(216) 692-8485,(216) 692-2820,Marnisha Brown,brown.marnisha@richmondheightsschools.org,N/A,Alan Boone,N/A,N/A,N/A,N/A,N/A,046532,ESC of Northeast Ohio
districts.csv,2026-10-09,046672,Mississinawa Valley Local,N/A,N/A,Traditional Public District,District,Open,Darke,http://www.mississinawa.k12.oh.us/,jeff_winchester@mississinawa.org,"1469 State Road 47 E, Union City, Ohio, 45390",(937) 968-5656,(937) 968-6731,Jeffrey Winchester,jeff_winchester@mississinawa.org,N/A,Jennifer Bruns,N/A,N/A,N/A,N/A,N/A,046615,Darke County ESC
districts.csv,2026-10-09,046797,Kelleys Island Local,N/A,N/A,Traditional Public District,District,Open,Erie,http://www.kelleys.k12.oh.us/,bohlemacher@kelleys.k12.oh.us,"528 Division St, Kelleys Island, Ohio, 43438",(419) 746-2730,(419) 746-2271,Benjamin Ohlemacher,bohlemacher@kelleys.k12.oh.us,N/A,Betty Schwiefert,bschwiefert@npesc.org,N/A,N/A,N/A,N/A,125690,North Point Educational Service Center
districts.csv,2026-10-09,049973,Woodridge Local,N/A,N/A,Traditional Public District,District,Open,Summit,http://www.woodridge.k12.oh.us/,jroth@woodridge.k12.oh.us,"4411 Quick Rd, Peninsula, Ohio, 44264",(330) 928-9074,(330) 928-1542,Necole Ast,nast@woodridge.k12.oh.us,N/A,Thomas Morehouse,tmorehouse@woodridge.k12.oh.us,N/A,N/A,N/A,N/A,049965,Summit County ESC
districts.csv,2026-10-09,049981,Copley-Fairlawn City,N/A,N/A,Traditional Public District,District,Open,Summit,http://www.copley-fairlawn.org,N/A,"3797 Ridgewood Rd, Copley, Ohio, 44321",(330) 664-4800,(330) 664-4811,Aimee Kirsch,N/A,N/A,John Wheadon,N/A,N/A,N/A,N/A,N/A,050765,Ohio Department of Education and Workforce
districts.csv,2026-10-09,050070,Twinsburg City,N/A,N/A,Traditional Public District,District,Open,Summit,http://www.twinsburg.k12.oh.us/,swomack@twinsburgcsd.org,"11136 Ravenna Rd, Twinsburg, Ohio, 44087",(330) 486-2000,(330) 425-7216,Sandy Womack,N/A,N/A,IULIANA ROZSNYAI,N/A,N/A,N/A,N/A,N/A,050765,Ohio Department of Education and Workforce
districts.csv,2026-10-09,050153,Mathews Local,N/A,N/A,Traditional Public District,District,Open,Trumbull,https://www.mathewslocal.org/,dennis.hynes@mathewslocal.org,"4096 Cadwallader Sonk Rd, Cortland, Ohio, 44410",(330) 637-3500,(330) 637-1930,Dennis Hynes,dennis.hynes@mathewslocal.org,N/A,Bradley Panak,bradley.panak@mathewslocal.org,N/A,N/A,N/A,N/A,050088,Trumbull County ESC
districts.csv,2026-10-09,050179,Joseph Badger Local,N/A,N/A,Traditional Public District,District,Open,Trumbull,http://www.badgerbraves.org,N/A,"7119 State Route 7, Kinsman, Ohio, 44428",(330) 876-2800,(330) 876-2811,Edwin Baldwin,edwin.baldwin@badgerbraves.org,N/A,Gregory Sciola,greg.sciola@badgerbraves.org,N/A,N/A,N/A,N/A,050088,Trumbull County ESC
districts.csv,2026-10-09,050328,Fairbanks Local,N/A,N/A,Traditional Public District,District,Open,Union,https://www.fairbankspanthers.org/,quinnseaborn@fairbankspanthers.org,"11158 State Route 38, Milford Center, Ohio, 43045",(937) 349-9000,(937) 349-8885,Janel Chapman,janelchapman@fairbankspanthers.org,N/A,Aaron Johnson,ajohnson@fairbankspanthers.org,N/A,N/A,N/A,N/A,046938,ESC of Central Ohio
districts.csv,2026-10-09,050435,Kings Local,N/A,N/A,Traditional Public District,District,Open,Warren,http://www.kingslocal.net/,N/A,"1797 King Ave, Kings Mills, Ohio, 45034",(513) 398-8050,(513) 229-7590,Gregory Sears,N/A,N/A,Michael Morrow,N/A,N/A,N/A,N/A,N/A,050401,Warren County ESC
districts.csv,2026-10-09,050500,Warren Local,N/A,N/A,Traditional Public District,District,Open,Washington,http://www.warrenlocal.org/,N/A,"220 Sweetapple Rd, Vincent, Ohio, 45784",(740) 678-2366,(740) 445-5304,Kyle Newton,N/A,N/A,Melcie Wells,N/A,N/A,N/A,N/A,N/A,123281,Ohio Valley ESC
districts.csv,2026-10-09,050518,Wolf Creek Local,N/A,N/A,Traditional Public District,District,Open,Washington,http://www.wolfcreek.k12.oh.us/,N/A,"330 Main St, Waterford, Ohio, 45786",(740) 984-2373,(740) 984-4420,Suellen Coleman,suellen.coleman@wolfcreeklocal.org,N/A,Rachel Miller,N/A,N/A,N/A,N/A,N/A,123281,Ohio Valley ESC
districts.csv,2026-10-09,050575,Northwestern Local,N/A,N/A,Traditional Public District,District,Open,Wayne,http://www.northwestern-wayne.k12.oh.us,nrws_cfranks@tccsa.net,"7571 N Elyria Rd, West Salem, Ohio, 44287",(419) 846-3151,(419) 846-3361,Julie Mccumber,nrws_mccumbe@tccsa.net,N/A,Jerry Buccilla,nrws_jbuccilla@tccsa.net,N/A,N/A,N/A,N/A,050526,Tri-County ESC
districts.csv,2026-10-09,050583,Waynedale Local,N/A,N/A,Traditional Public District,District,Open,Wayne,www.waynedale.us,N/A,"9048 Dover Rd, Apple Creek, Ohio, 44606",(330) 698-3001,(330) 765-5161,James Ritchie,N/A,N/A,Mark Dickerhoof,N/A,N/A,N/A,N/A,N/A,050526,Tri-County ESC
districts.csv,2026-10-09,049221,Southeast Local,N/A,N/A,Traditional Public District,District,Open,Portage,http://www.sepirates.org,N/A,"8245 Tallmadge Rd, Ravenna, Ohio, 44266",(330) 654-5841,(330) 654-9110,Robert Dunn,rodunn@sepirates.org,N/A,Samantha Pochedly,N/A,N/A,N/A,N/A,N/A,049965,Summit County ESC
districts.csv,2026-10-09,049312,Columbus Grove Local,N/A,N/A,Traditional Public District,District,Open,Putnam,http://cg.noacsc.org/,cg_bbest@cg.noacsc.org,"201 W Cross St, Columbus Grove, Ohio, 45830",(419) 659-2639,(419) 659-5134,Brian Best,cg_bbest@cg.noacsc.org,N/A,Mark Ellerbrock,N/A,N/A,N/A,N/A,N/A,049304,Putnam County ESC
districts.csv,2026-10-09,049379,Ottawa-Glandorf Local,N/A,N/A,Traditional Public District,District,Open,Putnam,http://ottawaglandorf.org/,og_supt@noacsc.org,"630 Glendale Ave, Ottawa, Ohio, 45875",(419) 523-5261,(419) 523-5978,Donald Horstman,horstman@ottawaglandorf.org,N/A,Katelyn Adams,N/A,N/A,N/A,N/A,N/A,049304,Putnam County ESC
districts.csv,2026-10-09,049395,Pandora-Gilboa Local,N/A,N/A,Traditional Public District,District,Open,Putnam,http://www.pg.noacsc.org/,N/A,"410 Rocket Ridge, Pandora, Ohio, 45877",(419) 384-3227,(419) 384-3230,Jeffrey Wise,wisej@pgrockets.org,N/A,Bradley Deleruyelle,deleruyelleb@pgrockets.org,N/A,N/A,N/A,N/A,049304,Putnam County ESC
districts.csv,2026-10-09,049544,Zane Trace Local,N/A,N/A,Traditional Public District,District,Open,Ross,http://www.zanetrace.org/,N/A,"946 State Route 180, Chillicothe, Ohio, 45601",(740) 775-1355,(740) 773-0249,Tyler Wertman,N/A,N/A,Lucy Thomas,lthomas@ztlsd.org,(740) 775-1355,N/A,N/A,N/A,138222,Ross-Pike ESC
districts.csv,2026-10-09,049577,Woodmore Local,N/A,N/A,Traditional Public District,District,Open,Sandusky,https://www.woodmoreschools.com/,N/A,"349 Rice St, Elmore, Ohio, 43416",(419) 862-1060,(419) 862-1951,Dennis Mock,dmock@woodmoreschools.com,N/A,Lisa Cruickshank,N/A,N/A,N/A,N/A,N/A,050765,Ohio Department of Education and Workforce
districts.csv,2026-10-09,049718,New Riegel Local,N/A,N/A,Traditional Public District,District,Open,Seneca,www.newriegelschools.org,N/A,"44 N Perry St, New Riegel, Ohio, 44853",(419) 595-2265,(419) 595-2901,David Rombach,drombach@newriegelschools.org,N/A,Bradley Radison,bradison@newriegelschools.org,N/A,N/A,N/A,N/A,123257,North Central Ohio ESC
districts.csv,2026-10-09,049726,Old Fort Local,N/A,N/A,Traditional Public District,District,Open,Seneca,www.oldfortschools.org,dkissell@oldfortschools.org,"7635 N County Rd 51, Tiffin, Ohio, 44883",(419) 992-4269,(419) 992-4293,Danny Kissell,dkissell@oldfortschools.org,(419) 307-5837,Jacob Huston,jhuston@oldfortschools.org,(419) 992-4269,N/A,N/A,N/A,123257,North Central Ohio ESC
districts.csv,2026-10-09,049759,Anna Local,N/A,N/A,Traditional Public District,District,Open,Shelby,http://www.anna.k12.oh.us/,www.anna.k12.oh.us,"1 McRill Way, Anna, Ohio, 45302",(937) 394-2011,(937) 394-7658,Joel Staudter,Jstaudter@annaschools.org,N/A,Catherine Doseck,N/A,N/A,N/A,N/A,N/A,014777,Midwest Regional ESC
districts.csv,2026-10-09,049809,Jackson Center Local,N/A,N/A,Traditional Public District,District,Open,Shelby,http://www.jctigers.org,N/A,"204 S Linden St, Jackson Center, Ohio, 45334",(937) 596-6053,(937) 596-6490,William Reichert,N/A,N/A,Anthony Meyer,N/A,N/A,N/A,N/A,N/A,014777,Midwest Regional ESC
districts.csv,2026-10-09,049890,Minerva Local,N/A,N/A,Traditional Public District,District,Open,Stark,http://www.mlsd.sparcc.org/,ayersl@minerva.sparcc.org,"406 East St, Minerva, Ohio, 44657",(330) 868-4332,(330) 868-4731,Mark Scott,N/A,N/A,Ashley Beaumariage,N/A,N/A,N/A,N/A,N/A,049825,Stark County ESC
districts.csv,2026-10-09,045393,Granville Exempted Village,N/A,N/A,Traditional Public District,District,Open,Licking,http://www.granvilleschools.org/,www.granvilleschools.org,"130 N Granger St, Granville, Ohio, 43023",(740) 587-8101,(740) 683-7730,Jeffrey Brown,N/A,N/A,Brittany Treolo,N/A,N/A,N/A,N/A,N/A,050765,Ohio Department of Education and Workforce
districts.csv,2026-10-09,045443,Leetonia Exempted Village School District,N/A,N/A,Traditional Public District,District,Open,Columbiana,http://www.leetonia.k12.oh.us/,N/A,"450 Walnut St, Leetonia, Ohio, 44431",(330) 427-6594,(330) 427-1136,Gerald Delboccio,N/A,N/A,Jennifer Coldsnow,jcoldsnow@leetonia.k12.oh.us,N/A,N/A,N/A,N/A,050765,Ohio Department of Education and Workforce
districts.csv,2026-10-09,045468,Loudonville-Perrysville Exempted Village,N/A,N/A,Traditional Public District,District,Open,Ashland,http://lpschools.k12.oh.us/,N/A,"210 E Main St, Loudonville, Ohio, 44842",(419) 994-3912,(419) 994-5528,Jennifer Allerding,N/A,N/A,Christine Angerer,N/A,N/A,N/A,N/A,N/A,050765,Ohio Department of Education and Workforce
districts.csv,2026-10-09,045559,New Richmond Exempted Village,N/A,N/A,Traditional Public District,District,Open,Clermont,http://www.nrschools.org/,daniels_p@nrschools.org,"1135 Bethel New Richmond Rd, New Richmond, Ohio, 45157",(513) 553-2616,(513) 553-6431,Paul Daniels,daniels_p@nrschools.org,N/A,Brett Floyd,floyd_b@nrschools.org,N/A,N/A,N/A,N/A,050765,Ohio Department of Education and Workforce
districts.csv,2026-10-09,045625,Upper Sandusky Exempted Village,N/A,N/A,Traditional Public District,District,Open,Wyandot,http://www.usevs.org/,brenda_h@usevs.org,"800 N Sandusky Ave, Upper Sandusky, Ohio, 43351",(419) 294-2307,(419) 294-6891,Eric Landversicht,eric_l@usevs.org,N/A,Darrin Hammock,darrin_h@usevs.org,N/A,N/A,N/A,N/A,050765,Ohio Department of Education and Workforce
districts.csv,2026-10-09,045765,Bath Local,N/A,N/A,Traditional Public District,District,Open,Allen,http://www.bathwildcats.org/,canod@bathwildcats.org,"2650 Bible Rd, Lima, Ohio, 45801",(419) 221-0807,(419) 221-0983,Andrew Cano,N/A,N/A,Joel Parker,parkerj@bathwildcats.org,N/A,N/A,N/A,N/A,045740,Allen County ESC
districts.csv,2026-10-09,045773,Elida Local,N/A,N/A,Traditional Public District,District,Open,Allen,http://www.home.elida.k12.oh.us/,JMENGERINK@ELIDA.K12.OH.US,"4380 Sunnydale St, Elida, Ohio, 45807",(419) 338-6804,(419) 338-6895,Joel Mengerink,N/A,N/A,Larry Kaiser II,N/A,N/A,N/A,N/A,N/A,045740,Allen County ESC
districts.csv,2026-10-09,045864,Grand Valley Local,N/A,N/A,Traditional Public District,District,Open,Ashtabula,http://www.grand-valley.k12.oh.us/,william.nye@grandvalley.school,"111 Grand Valley Ave West, Orwell, Ohio, 44076",(440) 805-4545,(440) 805-2004,William Nye,william.nye@grandvalley.school,N/A,Tahnee Gruskiewicz,tahnee.gruskiewicz@grandvalley.school,N/A,N/A,N/A,N/A,045849,Ashtabula County ESC
districts.csv,2026-10-09,045948,Minster Local,N/A,N/A,Traditional Public District,District,Open,Auglaize,https://www.minsterschools.org,josh.meyer@minsterschools.org,"50 E 7th St, Minster, Ohio, 45865",(419) 628-3397,(419) 628-2482,Joshua Meyer,josh.meyer@minsterschools.org,N/A,Gina Selby,gina.selby@minsterschools.org,N/A,N/A,N/A,N/A,045930,Auglaize County ESC
districts.csv,2026-10-09,046110,Lakota Local,N/A,N/A,Traditional Public District,District,Open,Butler,http://www.lakotaonline.com/,Ashley.Whitely@Lakotaonline.com,"5572 Princeton Rd, Liberty Township, Ohio, 45011",(513) 874-5505,N/A,ASHLEY WHITELY,ashley.whitely@lakotaonline.com,N/A,Randall Bertram,randy.bertram@lakotaonline.com,(513) 874-5505,N/A,N/A,N/A,046086,Butler County ESC
districts.csv,2026-10-09,046870,Fairfield Union Local,N/A,N/A,Traditional Public District,District,Open,Fairfield,www.fairfieldunion.org,N/A,"6417 Cincinnati Zanesville Rd NE, Lancaster, Ohio, 43130",(740) 536-7384,(740) 536-9132,Jon Belville,chadbelville@fairfieldunion.org,N/A,Christy George,N/A,(740) 536-7384,N/A,N/A,N/A,046839,Fairfield County ESC
districts.csv,2026-10-09,047027,Dublin City,N/A,N/A,Traditional Public District,District,Open,Franklin,https://www.dublinschools.net/,info@dublinschools.net,"5175 Emerald Pkwy, Dublin, Ohio, 43017",(614) 764-5913,(614) 761-5856,Jennifer Schwanke,superintendent@dublinschools.net,N/A,Brian Kern,N/A,N/A,N/A,N/A,N/A,050765,Ohio Department of Education and Workforce
districts.csv,2026-10-09,047050,Evergreen Local,N/A,N/A,Traditional Public District,District,Open,Fulton,http://www.evgvikings.org,N/A,"14544 County Road 6, Metamora, Ohio, 43540",(419) 644-3521,(419) 644-6070,Eric Smola,esmola@evgvikings.org,N/A,Brian Carroll,N/A,N/A,N/A,N/A,N/A,124297,Northwest Ohio Educational Service Center
districts.csv,2026-10-09,047365,Northwest Local ,N/A,N/A,Traditional Public District,District,Open,Hamilton,http://www.nwlsd.org/,mcacini@nwlsd.org,"3377 Compton Rd Ste 110, Cincinnati, Ohio, 45251",(513) 923-1000,(513) 923-3644,Darrell Yater,dyater@nwlsd.org,(513) 923-1000,Amy Wells,N/A,N/A,N/A,N/A,N/A,047324,Hamilton County ESC
districts.csv,2026-10-09,047373,Oak Hills Local ,N/A,N/A,Traditional Public District,District,Open,Hamilton,http://ohlsd.us/,cybulski_t@ohlsd.org,"6325 Rapid Run Rd, Cincinnati, Ohio, 45233",(513) 574-3200,(513) 598-2947,Daniel Beckenhaupt,beckenhaupt_d@ohlsd.org,N/A,Steven Bain,N/A,N/A,N/A,N/A,N/A,047324,Hamilton County ESC
districts.csv,2026-10-09,047399,Three Rivers Local ,N/A,N/A,Traditional Public District,District,Open,Hamilton,http://www.threeriversschools.org/,tsies@trlsd.org,"401 N Miami Ave, Cleves, Ohio, 45002",N/A,() 941-1102,Timothy Sies,N/A,N/A,Teri Riesenberg,N/A,N/A,N/A,N/A,N/A,047324,Hamilton County ESC
districts.csv,2026-10-09,047712,Monroeville Local,N/A,N/A,Traditional Public District,District,Open,Huron,http://www.monroevilleschools.org/,N/A,"101 West St, Monroeville, Ohio, 44847",(419) 465-2610,(419) 465-4263,Kristin Jones,N/A,N/A,Paul DeMarco,pdemarco@monroevilleschools.org,N/A,N/A,N/A,N/A,125690,North Point Educational Service Center
districts.csv,2026-10-09,047720,New London Local,N/A,N/A,Traditional Public District,District,Open,Huron,http://www.nlschools.org/,smatthews@newlondon.k12.oh.us,"2 Wildcat Dr, New London, Ohio, 44851",(419) 929-1586,(419) 316-6943,Bradley Romano,N/A,N/A,James Hudson,N/A,N/A,N/A,N/A,N/A,125690,North Point Educational Service Center
districts.csv,2026-10-09,047829,Centerburg Local,N/A,N/A,Traditional Public District,District,Open,Knox,http://www.centerburgschools.org/,N/A,"119 S Preston St, Centerburg, Ohio, 43011",(740) 625-6346,(740) 625-9939,Ryan Gallwitz,ryan.gallwitz@centerburgschools.org,N/A,Lori Houck,N/A,N/A,N/A,N/A,N/A,047811,Knox County ESC
districts.csv,2026-10-09,047878,Kirtland Local,N/A,N/A,Traditional Public District,District,Open,Lake,http://www.kirtlandschools.org/,CHAD.VANARNHEM@KIRTLANDSCHOOLS.ORG,"9252 Chillicothe Rd, Kirtland, Ohio, 44094",(440) 256-3360,(440) 256-3831,Chad VanArnhem,chad.vanarnhem@kirtlandschools.org,N/A,Ryan Pendleton,N/A,N/A,N/A,N/A,N/A,046532,ESC of Northeast Ohio
districts.csv,2026-10-09,047902,Perry Local,N/A,N/A,Traditional Public District,District,Open,Lake,http://perry-lake.org/,N/A,"4325 Manchester Ave, Perry, Ohio, 44081",(440) 259-9200,(440) 259-3607,Todd Porcello,porcellot@perry-lake.org,N/A,Jennifer Capo,capoj@perry-lake.org,N/A,N/A,N/A,N/A,047860,Educational Service Center of the Western Reserve
districts.csv,2026-10-09,050591,Triway Local,N/A,N/A,Traditional Public District,District,Open,Wayne,www.triway.us,nschindewolf@triway.us,"3145 Shreve Rd, Wooster, Ohio, 44691",(330) 264-9491,(330) 262-3955,Nathan Schindewolf,N/A,N/A,Theresa Clere,tclere@triway.us,N/A,N/A,N/A,N/A,050526,Tri-County ESC
districts.csv,2026-10-09,050740,Mohawk Local,N/A,N/A,Traditional Public District,District,Open,Wyandot,http://www.mohawk.k12.oh.us/,N/A,"295 State Highway 231, Sycamore, Ohio, 44882",(419) 927-2414,(419) 927-2393,Andrew Sprang,N/A,N/A,Cathyrn Zimmer,N/A,N/A,N/A,N/A,N/A,123257,North Central Ohio ESC
districts.csv,2026-10-09,050773,Apollo,N/A,N/A,Joint Vocational School District,District,Open,Allen,N/A,keith.horner@apollocc.org,"3325 Shawnee Rd, Lima, Ohio, 45806",(419) 998-2909,(419) 999-5127,Keith Horner,keith.horner@apollocc.org,N/A,Maria Rellinger,maria.rellinger@apollocc.org,N/A,N/A,N/A,N/A,050765,Ohio Department of Education and Workforce
districts.csv,2026-10-09,050906,Columbiana County,N/A,N/A,Joint Vocational School District,District,Open,Columbiana,N/A,N/A,"9364 State Route 45, Lisbon, Ohio, 44432",(330) 424-9561,(330) 424-9719,Jeremy Corbisello,jeremy.corbisello@ccctc.k12.oh.us,N/A,maia amato,maia.amato@ccctc.k12.oh.us,(330) 424-9561,N/A,N/A,N/A,050765,Ohio Department of Education and Workforce
districts.csv,2026-10-09,051417,Pioneer Career & Technology,N/A,N/A,Joint Vocational School District,District,Open,Richland,www.go2pioneer.com,N/A,"27 Ryan Rd, Shelby, Ohio, 44875",(419) 347-7926,(419) 347-4709,Gregory Nickoli,Nickoli.Greg@pctc.k12.oh.us,N/A,Gavyn Bazley,N/A,N/A,N/A,N/A,N/A,050765,Ohio Department of Education and Workforce
districts.csv,2026-10-09,051433,Pickaway-Ross County JVSD,N/A,N/A,Joint Vocational School District,District,Open,Ross,http://www.pickawayross.com,traci.richendollar@pickawayross.com,"895 Crouse Chapel Rd, Chillicothe, Ohio, 45601",(740) 642-1200,(740) 642-1395,Jonathan Davis,N/A,N/A,Todd Stahr,todd.stahr@pickawayross.com,N/A,N/A,N/A,N/A,050765,Ohio Department of Education and Workforce
districts.csv,2026-10-09,051474,Warren County Vocational School,N/A,N/A,Joint Vocational School District,District,Open,Warren,http://www.mywccc.org,N/A,"3525 N State Route 48, Lebanon, Ohio, 45036",(513) 932-5677,N/A,Joel King,joel.king@mywccc.org,N/A,Katrina Hillard,katrina.hillard@mywccc.org,N/A,N/A,N/A,N/A,050765,Ohio Department of Education and Workforce
districts.csv,2026-10-09,051631,Trumbull Career & Tech Ctr,N/A,N/A,Joint Vocational School District,District,Open,Trumbull,www.tctchome.com,www.tctchome.com,"528 Educational Hwy NW, Warren, Ohio, 44483",(330) 847-0503,(330) 847-0339,Jason Gray,jason.gray@tctchome.com,N/A,Cody Holecko,cody.holecko@tctchome.com,N/A,N/A,N/A,N/A,050765,Ohio Department of Education and Workforce
districts.csv,2026-10-09,052506,Catholic Conference Of Ohio,N/A,N/A,Nonpublic District,District,Open,Franklin,N/A,N/A,"9 E Long St Ste 201, Columbus, Ohio, 43215",(614) 224-7147,N/A,Amanda Ooten,N/A,N/A,N/A,N/A,N/A,N/A,N/A,N/A,052506,Catholic Conference Of Ohio
districts.csv,2026-10-09,052589,Cleveland Lutheran Hs Assoc,N/A,N/A,Nonpublic District,District,Open,Cuyahoga,N/A,csteinmann@clhsa.org,"3870 Linden Rd, Rocky River, Ohio, 44116",(440) 356-7155,(440) 356-7156,Christopher Steinmann,N/A,N/A,N/A,N/A,N/A,N/A,N/A,N/A,052589,Cleveland Lutheran Hs Assoc
districts.csv,2026-10-09,052597,Lutheran Schools Of Ohio,N/A,N/A,Nonpublic District,District,Open,Cuyahoga,N/A,N/A,"25000 Country Club Blvd Ste 220, North Olmsted, Ohio, 44070",(440) 235-2297,(440) 235-1970,Nicole Levy,N/A,(440) 235-2297,N/A,N/A,N/A,N/A,N/A,N/A,052597,Lutheran Schools Of Ohio
districts.csv,2026-10-09,046193,Graham Local,N/A,N/A,Traditional Public District,District,Open,Champaign,http://www.grahamlocalschools.org/,N/A,"9915 US Highway 36, Saint Paris, Ohio, 43072",(937) 663-4123,(937) 663-4670,Steven Dickerson,dickersons@grahamlocalschools.org,N/A,Amanda Hildebrand,mandy.hildebrand@urbanacityschools.org,N/A,N/A,N/A,N/A,050765,Ohio Department of Education and Workforce
districts.csv,2026-10-09,046250,Northeastern Local,N/A,N/A,Traditional Public District,District,Open,Clark,https://www.nelsd.org/,N/A,"4435 Bosart Rd, Springfield, Ohio, 45503",(937) 325-7615,(937) 328-6592,Jack Fisher,jackfisher@nelsd.org,N/A,Dale Miller,dalemiller@nelsd.org,N/A,N/A,N/A,N/A,046227,Clark County ESC
districts.csv,2026-10-09,046276,Southeastern Local,N/A,N/A,Traditional Public District,District,Open,Clark,http://www.sels.us,dshea@sels.us,"226 Clifton Rd, South Charleston, Ohio, 45368",(937) 462-8388,(937) 207-9654,David Shea,N/A,N/A,Benjamin Kitchen,bkitchen@sels.us,N/A,N/A,N/A,N/A,046227,Clark County ESC
districts.csv,2026-10-09,046433,Crestview Local,N/A,N/A,Traditional Public District,District,Open,Columbiana,http://www.crestviewrebels.org/,dhill@crestviewlocal.k12.oh.us,"44100 Crestview Rd Ste A, Columbiana, Ohio, 44408",(330) 482-5526,(330) 482-5367,Daniel Hill,dhill@crestviewlocal.k12.oh.us,N/A,Charlene Mercure,cmercure@crestviewlocal.k12.oh.us,N/A,N/A,N/A,N/A,046417,Columbiana County ESC
districts.csv,2026-10-09,046508,Buckeye Central Local,N/A,N/A,Traditional Public District,District,Open,Crawford,http://www.buckeye-central.k12.oh.us/,bgreen@bcbucks.org,"938 S Kibler St, New Washington, Ohio, 44854",(419) 492-2864,(419) 492-2039,Barbara Green,bgreen@bcbucks.org,N/A,Nancy Ackerman,N/A,N/A,N/A,N/A,N/A,123257,North Central Ohio ESC
districts.csv,2026-10-09,046524,Wynford Local,N/A,N/A,Traditional Public District,District,Open,Crawford,http://www.wynfordroyals.org,fishpaw.erin@wynfordroyals.org,"3288 Holmes Center Rd, Bucyrus, Ohio, 44820",(419) 562-7828,(419) 562-7825,Steven Mohr,mohr.steve@wynfordroyals.org,N/A,Leesa Smith,smith.leesa@wynfordroyals.org,N/A,N/A,N/A,N/A,123521,Mid-Ohio ESC
districts.csv,2026-10-09,046607,Solon City,N/A,N/A,Traditional Public District,District,Open,Cuyahoga,http://solonschools.org/,fredbolden@solonboe.org,"33800 Inwood Dr, Solon, Ohio, 44139",(440) 248-1600,N/A,Fred Bolden,fredbolden@solonboe.org,N/A,Timothy Pickana,tim.pickana@solonboe.org,N/A,N/A,N/A,N/A,050765,Ohio Department of Education and Workforce
districts.csv,2026-10-09,046623,Ansonia Local,N/A,N/A,Traditional Public District,District,Open,Darke,http://www.ansonia.k12.oh.us/,pj.burgett@ansoniaschools.org,"600 E Canal, Ansonia, Ohio, 45303",(937) 337-4000,(937) 337-9520,PJ Burgett,N/A,N/A,Nicholas Hamilton,nick.hamilton@ansoniaschools.org,N/A,N/A,N/A,N/A,046615,Darke County ESC
districts.csv,2026-10-09,046680,Tri-Village Local,N/A,N/A,Traditional Public District,District,Open,Darke,http://www.tri-village.k12.oh.us/,N/A,"315 S Main St, New Madison, Ohio, 45346",(937) 996-6261,(937) 996-5537,Joshua Sagester,N/A,N/A,Kimberly Chowning,N/A,N/A,N/A,N/A,N/A,046615,Darke County ESC
districts.csv,2026-10-09,046789,Edison Local (formerly Berlin-Milan),N/A,N/A,Traditional Public District,District,Open,Erie,http://www.edisonchargers.org,kbaker@edisonchargers.org,"140 Main St S, Milan, Ohio, 44846",(419) 499-3000,(419) 499-4859,Cory Smith,cosmith@edisonchargers.org,N/A,Stephanie Hanna,N/A,N/A,N/A,N/A,N/A,125690,North Point Educational Service Center
districts.csv,2026-10-09,046847,Amanda-Clearcreek Local,N/A,N/A,Traditional Public District,District,Open,Fairfield,http://www.amanda.k12.oh.us/,kkarshner@amanda.k12.oh.us,"328 E Main St, Amanda, Ohio, 43102",(740) 969-7250,N/A,Timothy Edwards,tedwards@amanda.k12.oh.us,(740) 969-7250,Melissa Griffith,mgriffith@amanda.k12.oh.us,(740) 969-7262,N/A,N/A,N/A,046839,Fairfield County ESC
districts.csv,2026-10-09,062109,Medina County Joint Vocational School District,N/A,N/A,Joint Vocational School District,District,Open,Medina,http://www.mcjvs.edu,N/A,"1101 W Liberty St, Medina, Ohio, 44256",(330) 725-8461,(330) 725-5870,Steven Chrisman,N/A,N/A,Aaron Butts,abutts@mcjvs.edu,N/A,N/A,N/A,N/A,050765,Ohio Department of Education and Workforce
districts.csv,2026-10-09,063495,Portage Lakes ,N/A,N/A,Joint Vocational School District,District,Open,Summit,N/A,N/A,"4401 Shriver Rd, Uniontown, Ohio, 44685",(330) 896-8200,(330) 896-8297,Lisa Tripney,ltripney@plcc.edu,N/A,Laurel Young,N/A,N/A,N/A,N/A,N/A,050765,Ohio Department of Education and Workforce
districts.csv,2026-10-09,063511,Tolles Career & Technical Center,N/A,N/A,Joint Vocational School District,District,Open,Madison,www.tollestech.com/DistrictProfile.aspx,N/A,"7877 Us Highway 42 S, Plain City, Ohio, 43064",(614) 873-4666,(614) 873-8761,Todd Hoadley,thoadley@tollestech.com,N/A,Melissa Pollom,N/A,N/A,N/A,N/A,N/A,050765,Ohio Department of Education and Workforce
districts.csv,2026-10-09,064964,College Corner Local,N/A,N/A,Traditional Public District,District,Open,Preble,http://www.uc.k12.in.us/,N/A,"230 Ramsey St, College Corner, Ohio, 45003",(765) 732-3183,(765) 732-3574,William Derringer,N/A,N/A,Lynn Ferguson,Lynn.Ferguson@thecclsd.net,(765) 732-3183,N/A,N/A,N/A,049254,Preble County ESC
districts.csv,2026-10-09,015454,Career Pathway Support Network - Central,N/A,N/A,Tech Prep. Regional Centers,District,Open,Licking,N/A,N/A,", , , ",N/A,N/A,N/A,N/A,N/A,N/A,N/A,N/A,N/A,N/A,N/A,N/A,N/A
districts.csv,2026-10-09,015455,Career Pathway Support Network-West,N/A,N/A,Tech Prep. Regional Centers,District,Open,Montgomery,N/A,pamela.hunt@sinclair.edu,"444 W 3rd St Bldg 6 Rm 130, Dayton, Ohio, 45402",(937) 512-2275,N/A,N/A,N/A,N/A,N/A,N/A,N/A,N/A,N/A,N/A,N/A,N/A
districts.csv,2026-10-09,022550,Western Lake County Compact CTPD,N/A,N/A,Career Technical Planning District,District,Open,Lake,N/A,beth.bixel@weschools.org,"34343 Euclid Ave, Willoughby, Ohio, 44094",(440) 975-3788,N/A,Patrick Ward,N/A,N/A,N/A,N/A,N/A,N/A,N/A,N/A,022550,Western Lake County Compact CTPD
districts.csv,2026-10-09,049999,Coventry Local,N/A,N/A,Traditional Public District,District,Open,Summit,http://www.coventryschools.org/,N/A,"3257 Cormany Rd, Coventry Township, Ohio, 44319",(330) 644-8489,(330) 644-0159,George Fisk,gfisk@coventryschools.org,N/A,Lisa Blough,N/A,N/A,N/A,N/A,N/A,049965,Summit County ESC
districts.csv,2026-10-09,050161,Howland Local,N/A,N/A,Traditional Public District,District,Open,Trumbull,http://www.howlandschools.com/,kevin.spicher@howlandschools.org,"8200 South St SE, Warren, Ohio, 44484",(330) 856-8200,(330) 856-8214,Kevin Spicher,Kevin.spicher@howlandschools.org,N/A,Julie SLOAN,N/A,N/A,N/A,N/A,N/A,050088,Trumbull County ESC
districts.csv,2026-10-09,050187,Lakeview Local,N/A,N/A,Traditional Public District,District,Open,Trumbull,http://www.lakeviewlocal.org/,N/A,"300 Hillman Dr, Cortland, Ohio, 44410",(330) 637-8741,N/A,Ashley Handrych,N/A,N/A,Terry Armstrong,N/A,N/A,N/A,N/A,N/A,050088,Trumbull County ESC
districts.csv,2026-10-09,050252,Weathersfield Local,N/A,N/A,Traditional Public District,District,Open,Trumbull,http://www.weathersfield.k12.oh.us/,dohardam@weathersfield.k12.oh.us,"1334 Seaborn St, Mineral Ridge, Ohio, 44440",(330) 652-0287,(330) 544-7476,Damon Dohar,N/A,N/A,Steven Haynie,N/A,N/A,N/A,N/A,N/A,050088,Trumbull County ESC
districts.csv,2026-10-09,050336,North Union Local School District,N/A,N/A,Traditional Public District,District,Open,Union,http://www.n-union.k12.oh.us/,jufferman@nu-district.org,"12920 State Route 739, Richwood, Ohio, 43344",(740) 943-2509,N/A,Justin Ufferman,jufferman@nu-district.org,N/A,Scott Maruniak,N/A,N/A,N/A,N/A,N/A,123257,North Central Ohio ESC
districts.csv,2026-10-09,050419,Carlisle Local,N/A,N/A,Traditional Public District,District,Open,Warren,http://www.carlisleindians.org/,mike.milner@carlisleindians.org,"230 Jamaica Rd, Carlisle, Ohio, 45005",(937) 746-0710,(937) 746-0438,Michael Milner,Mike.Milner@carlisleindians.org,(937) 746-0710,Daniel Bassler,N/A,N/A,N/A,N/A,N/A,050401,Warren County ESC
districts.csv,2026-10-09,050567,Norwayne Local,N/A,N/A,Traditional Public District,District,Open,Wayne,http://www.norwaynelocal.k12.oh.us/,N/A,"350 S Main St, Creston, Ohio, 44217",(330) 435-6382,(330) 435-4633,Kevin Leatherman,N/A,N/A,Nicole Peters,N/A,N/A,N/A,N/A,N/A,050526,Tri-County ESC
districts.csv,2026-10-09,050674,Eastwood Local,N/A,N/A,Traditional Public District,District,Open,Wood,http://www.eastwoodschools.org/,N/A,"120 E College Ave, Pemberville, Ohio, 43450",(419) 833-6411,(419) 833-4915,Brian Hughes,bhughes@eastwoodschools.org,N/A,Monica Leppelmeier,mleppelmeier@eastwoodschools.org,N/A,N/A,N/A,N/A,050666,Wood County ESC
districts.csv,2026-10-09,050880,Butler Technology & Career Development Schools,N/A,N/A,Joint Vocational School District,District,Open,Butler,http://www.butlertech.org,www.butlertech.org,"3605 Hamilton Middletown Rd, Fairfield Township, Ohio, 45011",(513) 868-1911,(513) 868-9348,William Sprankles III,spranklesw@butlertech.org,N/A,Paul Carpenter,carpenterp@butlertech.org,N/A,N/A,N/A,N/A,050765,Ohio Department of Education and Workforce
districts.csv,2026-10-09,050948,Polaris,N/A,N/A,Joint Vocational School District,District,Open,Cuyahoga,http://www.polaris.edu,N/A,"7285 Old Oak Blvd, Middleburg Heights, Ohio, 44130",(440) 891-7600,(440) 243-3952,Diane Xander,dxander@polaris.edu,N/A,Michael Robinson,N/A,N/A,N/A,N/A,N/A,050765,Ohio Department of Education and Workforce
districts.csv,2026-10-09,050963,Four County Career Center,N/A,N/A,Joint Vocational School District,District,Open,Henry,N/A,N/A,"22900 State Route 34, Archbold, Ohio, 43502",(419) 267-3331,(419) 267-2345,JEFFREY SLATTERY,N/A,N/A,Homer Hendricks,N/A,N/A,N/A,N/A,N/A,050765,Ohio Department of Education and Workforce
districts.csv,2026-10-09,046920,Miami Trace Local,N/A,N/A,Traditional Public District,District,Open,Fayette,http://www.miamitrace.k12.oh.us/,N/A,"3818 State Route 41 NW, Washington Court House, Ohio, 43160",(740) 335-3010,(740) 335-1959,JUSTIN Lanman,jlanman@mtpanthers.org,N/A,Cari May,cawilson@mtpanthers.org,(740) 335-3010,N/A,N/A,N/A,046375,Southern Ohio ESC
districts.csv,2026-10-09,046946,Canal Winchester Local,N/A,N/A,Traditional Public District,District,Open,Franklin,http://www.cwschools.org/,swilliamson@cwls.us,"100 Washington St, Canal Winchester, Ohio, 43110",(614) 837-4533,(614) 833-2165,Kiya Hunt,khunt@cwls.us,N/A,Nick Roberts,N/A,N/A,N/A,N/A,N/A,046938,ESC of Central Ohio
districts.csv,2026-10-09,047274,Bellbrook-Sugarcreek Local,N/A,N/A,Traditional Public District,District,Open,Greene,http://www.sugarcreek.k12.oh.us/,N/A,"3757 Upper Bellbrook Rd, Bellbrook, Ohio, 45305",(937) 848-5001,(937) 848-5018,Douglas Cozad,N/A,N/A,Amit Gautam,amit.gautam@bss.k12.oh.us,N/A,N/A,N/A,N/A,047233,Greene County ESC
districts.csv,2026-10-09,047308,Rolling Hills Local,N/A,N/A,Traditional Public District,District,Open,Guernsey,http://www.rollinghills.k12.oh.us/,allison.garner@rollinghills.k12.oh.us,"60851 Southgate Rd, Cambridge, Ohio, 43725",(740) 432-5370,(740) 435-8312,Devvon Dettra,devvon.dettra@rollinghills.k12.oh.us,N/A,BRANDON GREGG,N/A,N/A,N/A,N/A,N/A,123281,Ohio Valley ESC
districts.csv,2026-10-09,047381,Southwest Local,N/A,N/A,Traditional Public District,District,Open,Hamilton,http://www.southwestschools.org/,N/A,"10800 Campbell Rd, Harrison, Ohio, 45030",(513) 367-4139,(513) 367-2287,John Hamstra,john.hamstra@southwestschools.org,N/A,Thomas Lowe,thomas.lowe@southwestschools.org,N/A,N/A,N/A,N/A,047324,Hamilton County ESC
districts.csv,2026-10-09,047449,Liberty-Benton Local,N/A,N/A,Traditional Public District,District,Open,Hancock,http://www.liberty-benton.org/,botley@liberty-benton.org,"9190 County Road 9, Findlay, Ohio, 45840",(419) 422-8526,(419) 422-5108,Bruce Otley,botley@liberty-benton.org,N/A,Lisa Dobbins,N/A,N/A,N/A,N/A,N/A,047407,Hancock County ESC
districts.csv,2026-10-09,047456,McComb Local,N/A,N/A,Traditional Public District,District,Open,Hancock,http://mccomblocalschool.org/,herrj@mccombschool.org,"328 S Todd St, McComb, Ohio, 45858",(419) 293-3979,(419) 293-2412,Jeremy Herr,N/A,N/A,Linda Clymer,N/A,N/A,N/A,N/A,N/A,047407,Hancock County ESC
districts.csv,2026-10-09,047464,Van Buren Local,N/A,N/A,Traditional Public District,District,Open,Hancock,http://vbschools.net/,jinkrott@vbschools.net,"217 S Main St, Van Buren, Ohio, 45889",(419) 299-3863,(419) 299-3669,Jason Inkrott,N/A,N/A,Cathy Schuller,cschuller@vbschools.net,N/A,N/A,N/A,N/A,047407,Hancock County ESC
districts.csv,2026-10-09,047472,Vanlue Local,N/A,N/A,Traditional Public District,District,Open,Hancock,http://vanlueschool.org/,valaseke@vanlueschool.org,"301 S East St, Vanlue, Ohio, 45890",(419) 387-7724,(419) 387-7722,Eric Valasek,N/A,N/A,Tracy Hiller,hillert@vanlueschool.org,N/A,N/A,N/A,N/A,047407,Hancock County ESC
districts.csv,2026-10-09,047621,Fairfield Local,N/A,N/A,Traditional Public District,District,Open,Highland,http://www.fairfieldlocal.org/,matt.murphy@fairfieldlocal.org,"11611 State Route 771, Leesburg, Ohio, 45135",(937) 780-2221,(937) 780-6900,Matthew Murphy,N/A,(937) 780-2221,Grant Amyx,N/A,N/A,N/A,N/A,N/A,046375,Southern Ohio ESC
districts.csv,2026-10-09,047639,Lynchburg-Clay Local,N/A,N/A,Traditional Public District,District,Open,Highland,https://www.lclsd.org/,jacob.zink@lclsd.org,"301 E Pearl St, Lynchburg, Ohio, 45142",(937) 364-2338,(937) 364-2339,Jacob Zink,jacob.zink@lclsd.org,N/A,Richard Hawk,N/A,N/A,N/A,N/A,N/A,046375,Southern Ohio ESC
districts.csv,2026-10-09,047969,Symmes Valley Local,N/A,N/A,Traditional Public District,District,Open,Lawrence,http://www.symmesvalley.k12.oh.us/,jd.emnett@sv.k12.oh.us,"14778 State Route 141, Willow Wood, Ohio, 45696",(740) 643-2451,(740) 643-1219,Joseph Emnett,N/A,(740) 643-2451,Teresa Wentz,N/A,N/A,N/A,N/A,N/A,047910,Lawrence County ESC
districts.csv,2026-10-09,048124,Avon Lake City,N/A,N/A,Traditional Public District,District,Open,Lorain,http://www.avonlakecityschools.org/,N/A,"175 Avon Belden Rd, Avon Lake, Ohio, 44012",(440) 933-6210,(440) 933-6711,Joelle Magyar,joelle.magyar@alcsoh.org,N/A,Phillip Oko,phillip.oko@alcsoh.org,N/A,N/A,N/A,N/A,050765,Ohio Department of Education and Workforce
districts.csv,2026-10-09,048157,Firelands Local,N/A,N/A,Traditional Public District,District,Open,Lorain,http://www.firelandsschools.org/,N/A,"112 N Lake St, South Amherst, Ohio, 44001",(440) 965-5821,(440) 965-5702,Michael Von Gunten,mvongunten@firelandsschools.org,N/A,Keri Angney,N/A,N/A,N/A,N/A,N/A,048108,Lorain County ESC
districts.csv,2026-10-09,048223,Springfield Local,N/A,N/A,Traditional Public District,District,Open,Lucas, http://www.springfield-schools.org,N/A,"6924 Spring Valley Dr, Holland, Ohio, 43528",(419) 867-5600,(419) 867-5700,Matthew Geha,N/A,N/A,Jaclyn Yackee,N/A,N/A,N/A,N/A,N/A,048199,ESC of Lake Erie West
districts.csv,2026-10-09,048314,Canfield Local,N/A,N/A,Traditional Public District,District,Open,Mahoning,http://www.canfield.access-k12.org/,N/A,"100 Wadsworth St, Canfield, Ohio, 44406",(330) 533-3303,(330) 533-6827,Joseph Knoll,N/A,N/A,Benjamin Marko,N/A,N/A,N/A,N/A,N/A,048280,Educational Service Center of Eastern Ohio
districts.csv,2026-10-09,048371,Springfield Local,N/A,N/A,Traditional Public District,District,Open,Mahoning,http://springfieldspartans.org/,rasmith@springfieldlocal.us,"11335 Youngstown Pittsburgh Rd, New Middletown, Ohio, 44442",(330) 542-2929,(330) 542-9453,Rachael Smith,rasmith@springfieldlocal.us,N/A,Michelle Johnson,mijohnson@springfieldlocal.us,N/A,N/A,N/A,N/A,048280,Educational Service Center of Eastern Ohio
districts.csv,2026-10-09,048389,West Branch Local,N/A,N/A,Traditional Public District,District,Open,Mahoning,http://www.westbranch.k12.oh.us/,matthew.manley@wbwarriors.org,"14277 S Main St, Beloit, Ohio, 44609",(330) 938-9324,(330) 938-6815,Matthew Manley,matthew.manley@wbwarriors.org,N/A,Lucas Cooper,luke.cooper@wbwarriors.org,(330) 938-9324,N/A,N/A,N/A,048280,Educational Service Center of Eastern Ohio
districts.csv,2026-10-09,048397,Western Reserve Local,N/A,N/A,Traditional Public District,District,Open,Mahoning,http://www.westernreserve.k12.oh.us/,N/A,"13850 W Akron Canfield Rd, Berlin Center, Ohio, 44401",(330) 547-4100,(330) 547-9302,Dallas Saunders,N/A,N/A,Cathy Romack,N/A,N/A,N/A,N/A,N/A,048280,Educational Service Center of Eastern Ohio
districts.csv,2026-10-09,048579,Parkway Local,N/A,N/A,Traditional Public District,District,Open,Mercer,http://www.parkwayschools.org/,youngl@parkwayschools.org,"400 Buckeye St, Rockford, Ohio, 45882",(419) 363-3045,(419) 363-2595,Laura Young,youngl@parkwayschools.org,N/A,Kurt Wendel,kurt.wendel@glresc.org,N/A,N/A,N/A,N/A,048546,Grand Lake Regional Educational Service Center
districts.csv,2026-10-09,048736,Northridge Local,N/A,N/A,Traditional Public District,District,Open,Montgomery,http://www.northridgeschools.org,www.northridgeschools.org,"2008 Timber Ln, Dayton, Ohio, 45414",(937) 278-5885,(937) 276-8351,David Jackson,N/A,N/A,Lori Green,N/A,N/A,N/A,N/A,N/A,048660,Montgomery County ESC
districts.csv,2026-10-09,048744,Valley View Local,N/A,N/A,Traditional Public District,District,Open,Montgomery,https://www.valleyview.k12.oh.us/,Brian.Lemke@valleyview.k12.oh.us,"6027 Farmersville Germantown Pike, Germantown, Ohio, 45327",(937) 855-6581,(937) 855-0266,Andrea Cook,N/A,N/A,Valorie Hill,valorie.hill@valleyview.k12.oh.us,N/A,N/A,N/A,N/A,048660,Montgomery County ESC
districts.csv,2026-10-09,048819,Northmor Local,N/A,N/A,Traditional Public District,District,Open,Morrow,http://www.knightpride.org,redmon.chad@northmor.k12.oh.us,"5247 County Road 29, Galion, Ohio, 44833",(419) 946-8861,(419) 947-6255,Chad Redmon,credmon@knightpride.org,(419) 946-8861,Gina Deppert,N/A,N/A,N/A,N/A,N/A,123521,Mid-Ohio ESC
districts.csv,2026-10-09,048884,West Muskingum Local,N/A,N/A,Traditional Public District,District,Open,Muskingum,http://www.westmschools.org,ahoward@westmschools.org,"4880 West Pike, Zanesville, Ohio, 43701",(740) 455-4052,(740) 455-4063,Chad Shawger,cshawger@westmschools.org,N/A,Kimberly Downs,kdowns@westmschools.org,N/A,N/A,N/A,N/A,125252,Muskingum Valley ESC
districts.csv,2026-10-09,049031,Wayne Trace Local,N/A,N/A,Traditional Public District,District,Open,Paulding,http://www.waynetrace.org/,rustj@waynetrace.org,"4915 US Route 127, Haviland, Ohio, 45851",(419) 263-2415,(419) 263-2377,Paul Jones,jonesp@waynetrace.org,N/A,Lori Davis,davisl@waynetrace.org,N/A,N/A,N/A,N/A,134999,Western Buckeye ESC
districts.csv,2026-10-09,049080,Logan Elm Local,N/A,N/A,Traditional Public District,District,Open,Pickaway,http://www.loganelmschools.com/,N/A,"9579 Tarlton Rd, Circleville, Ohio, 43113",(740) 474-7501,(740) 477-6525,Timothy Williams,N/A,N/A,Stephen McAfee,N/A,N/A,N/A,N/A,N/A,049072,Pickaway County ESC
districts.csv,2026-10-09,049106,Westfall Local,N/A,N/A,Traditional Public District,District,Open,Pickaway,www.westfallschools.com,N/A,"19463 Pherson Pike, Williamsport, Ohio, 43164",(740) 986-3671,(740) 986-8375,Jason Fife,jason.fife@westfallschools.com,N/A,Joseph Patete,N/A,N/A,N/A,N/A,N/A,049072,Pickaway County ESC
districts.csv,2026-10-09,049189,Crestwood Local,N/A,N/A,Traditional Public District,District,Open,Portage,http://www.crestwoodschools.org/,N/A,"10880 John Edward Dr, Mantua, Ohio, 44255",(330) 357-8206,(330) 754-4269,Aireane Curtis,acurtis@crestwoodschools.org,N/A,Leonard Slemons,N/A,N/A,N/A,N/A,N/A,046532,ESC of Northeast Ohio
districts.csv,2026-10-09,049270,National Trail Local,N/A,N/A,Traditional Public District,District,Open,Preble,http://www.nationaltrail.k12.oh.us/,N/A,"6940 Oxford Gettysburg Rd, New Paris, Ohio, 45347",(937) 437-3333,(937) 437-7865,Jennifer Couch,jcouch@nationaltrail.us,N/A,Kerry Borger,kborger@nationaltrail.us,N/A,N/A,N/A,N/A,049254,Preble County ESC
districts.csv,2026-10-09,049346,Kalida Local,N/A,N/A,Traditional Public District,District,Open,Putnam,http://kalidaschools.org,dean.brinkman@kalidaschools.org,"301 North Third St., Kalida, Ohio, 45853",(419) 532-3534,(419) 532-2277,Dean Brinkman,dean.brinkman@kalidaschools.org,N/A,MICHELLE Buss,N/A,N/A,N/A,N/A,N/A,049304,Putnam County ESC
districts.csv,2026-10-09,049353,Leipsic Local,N/A,N/A,Traditional Public District,District,Open,Putnam,http://llsdk12.org/,N/A,"232 Oak St, Leipsic, Ohio, 45856",(419) 943-2165,(419) 943-4331,Keith Baumgartner,N/A,N/A,Abby Krinke,N/A,N/A,N/A,N/A,N/A,049304,Putnam County ESC
districts.csv,2026-10-09,049361,Miller City-New Cleveland Local,N/A,N/A,Traditional Public District,District,Open,Putnam,http://mcncschools.org,ml_treas@noacsc.org,"200 N. Main Street, Miller City, Ohio, 45864",(419) 876-3172,(419) 876-3849,Kerry Johnson,johnson_k@mcncschools.org,N/A,ROSEMARY DRUMMELSMITH,N/A,N/A,N/A,N/A,N/A,049304,Putnam County ESC
districts.csv,2026-10-09,044677,Princeton City,N/A,N/A,Traditional Public District,District,Open,Hamilton,http://www.princeton.k12.oh.us/,kjamison@vikiingmail.org,"3900 Cottingham Dr, Cincinnati, Ohio, 45241",(513) 864-1000,(513) 864-1019,Mari Phillips,mphillips@vikingmail.org,N/A,Christine Poetter,cpoetter@vikingmail.org,N/A,N/A,N/A,N/A,050765,Ohio Department of Education and Workforce
districts.csv,2026-10-09,044768,Sheffield-Sheffield Lake City,N/A,N/A,Traditional Public District,District,Open,Lorain,www.sheffieldschools.org,mcook@sheffieldschools.org,"1824 Harris Rd, Sheffield Village, Ohio, 44054",(440) 949-6181,(440) 949-4204,Michael Cook,mcook@sheffieldschools.org,N/A,Adam Hines,ahines@sheffieldschools.org,N/A,N/A,N/A,N/A,050765,Ohio Department of Education and Workforce
districts.csv,2026-10-09,044859,Struthers City,N/A,N/A,Traditional Public District,District,Open,Mahoning,http://strutherscityschools.org/,N/A,"99 Euclid Ave, Struthers, Ohio, 44471",(330) 750-1061,(330) 750-5516,Peter Pirone,Pete.Pirone@strutherscityschools.org,N/A,Ryan Cene,N/A,N/A,N/A,N/A,N/A,050765,Ohio Department of Education and Workforce
districts.csv,2026-10-09,044925,Troy City,N/A,N/A,Traditional Public District,District,Open,Miami,http://www.troy.k12.oh.us/,N/A,"500 N Market St, Troy, Ohio, 45373",(937) 332-6700,(937) 332-6771,Christopher Piper,piper-c@troycityschools.org,N/A,Jeffrey Price,N/A,N/A,N/A,N/A,N/A,050765,Ohio Department of Education and Workforce
districts.csv,2026-10-09,044982,Wapakoneta City,N/A,N/A,Traditional Public District,District,Open,Auglaize,http://www.wapak.org/,sparan@wapak.org,"1102 Gardenia Dr, Wapakoneta, Ohio, 45895",(419) 739-2900,(419) 739-2918,Aaron Rex,N/A,N/A,Angela Gabel,N/A,N/A,N/A,N/A,N/A,045930,Auglaize County ESC
districts.csv,2026-10-09,045005,Warrensville Heights City,N/A,N/A,Traditional Public District,District,Open,Cuyahoga,http://www.warrensville.k12.oh.us/,N/A,"4743 Richmond Rd, Warrensville Heights, Ohio, 44128",(216) 364-1014,(216) 364-1024,Donald Jolly,N/A,N/A,Kristen Plageman,kristen.plageman@ravennaschools.us,N/A,N/A,N/A,N/A,050765,Ohio Department of Education and Workforce
districts.csv,2026-10-09,045013,Washington Court House City,N/A,N/A,Traditional Public District,District,Open,Fayette,https://www.wchcs.org/,N/A,"306 Highland Ave, Washington Court Hou, Ohio, 43160",(740) 335-6620,(740) 335-1245,Chris Briggs,chris.briggs@wchcs.org,N/A,Becky Mullins,N/A,N/A,N/A,N/A,N/A,050765,Ohio Department of Education and Workforce
districts.csv,2026-10-09,045070,Whitehall City,N/A,N/A,Traditional Public District,District,Open,Franklin,https://www.wcsrams.org/,N/A,"625 S Yearling Rd, Whitehall, Ohio, 43213",(614) 417-5000,(614) 417-5023,Sharee Wells,wellss@wcsrams.org,N/A,David Varda,N/A,N/A,N/A,N/A,N/A,045070,Whitehall City
districts.csv,2026-10-09,045104,Willoughby-Eastlake City,N/A,N/A,Traditional Public District,District,Open,Lake,http://www.weschools.org/,marisa.detlev@weschools.org,"35353 Curtis Blvd, Eastlake, Ohio, 44095",(440) 946-5000,(440) 946-4671,Patrick Ward,N/A,N/A,Nicholas Ciarniello,N/A,N/A,N/A,N/A,N/A,050765,Ohio Department of Education and Workforce
districts.csv,2026-10-09,045153,Xenia Community City,N/A,N/A,Traditional Public District,District,Open,Greene,http://www.xeniaschools.org,N/A,"819 Colorado Dr, Xenia, Ohio, 45385",(937) 376-2961,(937) 372-4701,Gabriel Lofton,glofton@xeniaschools.org,N/A,Thomas Massie,tmassie@xeniaschools.org,N/A,N/A,N/A,N/A,050765,Ohio Department of Education and Workforce
districts.csv,2026-10-09,051243,Mahoning Co Career & Tech Ctr,N/A,N/A,Joint Vocational School District,District,Open,Mahoning,N/A,John.zehentbauer@mahoningctc.com,"7300 N Palmyra Rd, Canfield, Ohio, 44406",(330) 729-4000,(330) 729-4050,John Zehentbauer,N/A,N/A,Brian Rella,N/A,N/A,N/A,N/A,N/A,050765,Ohio Department of Education and Workforce
districts.csv,2026-10-09,051458,Vanguard-Sentinel Career & Technology Centers,N/A,N/A,Joint Vocational School District,District,Open,Sandusky,http://vscc.k12.oh.us,pwebb@vsctc.org,"1306 Cedar St, Fremont, Ohio, 43420",(419) 332-2626,(419) 334-4308,Gregory Edinger,gedinger@vsctc.org,N/A,ALEX BINGER,N/A,N/A,N/A,N/A,N/A,050765,Ohio Department of Education and Workforce
districts.csv,2026-10-09,052514,Cincinnati Archdiocese,N/A,N/A,Nonpublic District,District,Open,Hamilton,http://www.catholiccincinnati.org/schools,cshisler@catholicaoc.org,"100 E 8th St, Cincinnati, Ohio, 45202",(513) 421-3131,(513) 421-6271,Matthew Daniels,N/A,N/A,N/A,N/A,N/A,N/A,N/A,N/A,052506,Catholic Conference Of Ohio
districts.csv,2026-10-09,052522,Cleveland Catholic Diocese,N/A,N/A,Nonpublic District,District,Open,Cuyahoga,www.ocfecleveland.org,N/A,"1404 E Ninth Street, Cleveland, Ohio, 44114",(216) 696-6525,N/A,Frank O'Linn,N/A,N/A,N/A,N/A,N/A,N/A,N/A,N/A,052506,Catholic Conference Of Ohio
districts.csv,2026-10-09,062042,Heartland Technical Education Center,N/A,N/A,Joint Vocational School District,District,Open,Ashland,www.heartlandtech.org,N/A,"1783 State Route 60, Ashland, Ohio, 44805",(419) 289-3313,(419) 289-3729,Rodney Cheyney,N/A,N/A,Julie Smith,N/A,N/A,N/A,N/A,N/A,050765,Ohio Department of Education and Workforce
districts.csv,2026-10-09,062067,Gallia-Jackson-Vinton,N/A,N/A,Joint Vocational School District,District,Open,Gallia,N/A,N/A,"351 Buckeye Hills Rd, Rio Grande, Ohio, 45674",(740) 245-5334,(740) 245-9465,Jamie Nash,nashj@buckeyehills.net,N/A,Stephanie Rife,N/A,N/A,N/A,N/A,N/A,050765,Ohio Department of Education and Workforce
districts.csv,2026-10-09,065680,Gallia County Local,N/A,N/A,Traditional Public District,District,Open,Gallia,http://www.gallialocal.org/,gl_pkuhn@gallialocal.org,"4836 State Route 325, Patriot, Ohio, 45658",(740) 379-9085,(740) 379-9135,Phillip Kuhn,gl_pkuhn@gallialocal.org,N/A,Jack Webb,gl_jwebb@gallialocal.org,N/A,N/A,N/A,N/A,125682,Gallia-Vinton ESC
districts.csv,2026-10-09,015456,Career Pathway Support Network-Southeast,N/A,N/A,Tech Prep. Regional Centers,District,Open,Guernsey,N/A,N/A,"7077 Glenn Hwy, Cambridge, Ohio, 43725",(740) 885-5661,N/A,N/A,N/A,N/A,N/A,N/A,N/A,N/A,N/A,N/A,N/A,N/A
districts.csv,2026-10-09,015457,Career Pathway Support Network ? Northeast,N/A,N/A,Tech Prep. Regional Centers,District,Open,Cuyahoga,N/A,N/A,"6393 Oak Tree Blvd, Independence, Ohio, 44131",N/A,N/A,N/A,N/A,N/A,N/A,N/A,N/A,N/A,N/A,N/A,N/A,N/A
districts.csv,2026-10-09,022299,Career Pathway Support Network-East,N/A,N/A,Tech Prep. Regional Centers,District,Open,Mahoning,N/A,jmbollinger@ysu.edu,"1 Tressel Way, Youngstown, Ohio, 44555",(330) 941-3785,N/A,N/A,N/A,N/A,N/A,N/A,N/A,N/A,N/A,N/A,022299,Career Pathway Support Network-East
districts.csv,2026-10-09,047803,Indian Creek Local,N/A,N/A,Traditional Public District,District,Open,Jefferson,http://www.iclsd.org,N/A,"100 Park Dr, Wintersville, Ohio, 43953",(740) 264-3502,N/A,Thomas Chappelear,N/A,N/A,Adam Lewis,adam.lewis@iclsd.org,N/A,N/A,N/A,N/A,047779,Jefferson County ESC
districts.csv,2026-10-09,047993,Lakewood Local,N/A,N/A,Traditional Public District,District,Open,Licking,http://www.lakewoodlocal.k12.oh.us/,N/A,"525 E Main St, Hebron, Ohio, 43025",(740) 928-5878,(740) 928-3152,Heather Hedgepeth,hhedgepeth@lakewoodlocal.k12.oh.us,N/A,Glenna Plaisted,gplaisted@lakewoodlocal.k12.oh.us,N/A,N/A,N/A,N/A,047977,Licking Regional Educational Service Center
districts.csv,2026-10-09,048074,Benjamin Logan Local,N/A,N/A,Traditional Public District,District,Open,Logan,http://www.benjaminlogan.org,snyders@benjaminlogan.org,"4740 County Road 26, Bellefontaine, Ohio, 43311",(937) 593-9211,(937) 599-4059,Sean Flynn,flynns@benjaminlogan.org,N/A,Leah Baker,bakerl@benjaminlogan.org,N/A,N/A,N/A,N/A,014777,Midwest Regional ESC
districts.csv,2026-10-09,048132,Clearview Local,N/A,N/A,Traditional Public District,District,Open,Lorain,http://www.clearview.k12.oh.us/,N/A,"4700 Broadway, Lorain, Ohio, 44052",(440) 233-5412,(440) 233-6034,Jerome Davis,N/A,N/A,Mary Ann Nowak,maryann.nowak@clearviewschools.org,N/A,N/A,N/A,N/A,048108,Lorain County ESC
districts.csv,2026-10-09,048215,Ottawa Hills Local,N/A,N/A,Traditional Public District,District,Open,Lucas,https://www.ohschools.k12.oh.us/,N/A,"4035 W Central Ave, Toledo, Ohio, 43606",(419) 536-6371,(419) 534-5380,William Miller,N/A,(419) 536-6371,Thomas Siloy,N/A,N/A,N/A,N/A,N/A,048199,ESC of Lake Erie West
districts.csv,2026-10-09,048298,Austintown Local Schools,N/A,N/A,Traditional Public District,District,Open,Mahoning,http://www.austintownschools.org/,N/A,"700 S Raccoon Rd, Youngstown, Ohio, 44515",(330) 797-3900,(330) 792-8625,Timothy Kelty,tkelty@austintownschools.org,N/A,Blaise Karlovic,N/A,N/A,N/A,N/A,N/A,048280,Educational Service Center of Eastern Ohio
districts.csv,2026-10-09,048306,Boardman Local,N/A,N/A,Traditional Public District,District,Open,Mahoning,http://www.boardman.k12.oh.us/,N/A,"7777 Glenwood Ave, Youngstown, Ohio, 44512",(330) 726-3404,(330) 726-3432,Christopher Neifer,c.neifer@boardmanschools.org,N/A,Arthur Ginnetti,N/A,N/A,N/A,N/A,N/A,048280,Educational Service Center of Eastern Ohio
districts.csv,2026-10-09,048462,Black River Local,N/A,N/A,Traditional Public District,District,Open,Medina,http://www.blackriverschools.org/,N/A,"257A County Road 40, Sullivan, Ohio, 44880",(419) 736-3300,(419) 736-3308,Anthony Stretar,N/A,N/A,Robert Kuehnle,N/A,N/A,N/A,N/A,N/A,048454,ESC of Medina County
districts.csv,2026-10-09,048553,Marion Local,N/A,N/A,Traditional Public District,District,Open,Mercer,http://www.marionlocal.org/,N/A,"7956 State Route 119, Maria Stein, Ohio, 45860",(419) 925-4294,(419) 925-0212,Michael Pohlman,N/A,N/A,Ryan Goldschmidt,N/A,N/A,N/A,N/A,N/A,048546,Grand Lake Regional Educational Service Center
districts.csv,2026-10-09,048629,Miami East Local,N/A,N/A,Traditional Public District,District,Open,Miami,http://www.miamieast.k12.oh.us/,jhoelzle@miamieast.k12.oh.us,"3825 N State Route 589, Casstown, Ohio, 45312",(937) 335-7505,(937) 335-6309,Joseph Hoelzle,jhoelzle@miamieast.k12.oh.us,(937) 355-7505,Hannah Davis,hdavis@miamieast.k12.oh.us,N/A,N/A,N/A,N/A,048603,Miami County ESC
districts.csv,2026-10-09,048637,Newton Local,N/A,N/A,Traditional Public District,District,Open,Miami,http://www.newton.k12.oh.us/,N/A,"201 N Long St, Pleasant Hill, Ohio, 45359",(937) 676-2002,(937) 676-2054,Danielle Davis,N/A,N/A,Nicholas Hamilton,nick.hamilton@ansoniaschools.org,N/A,N/A,N/A,N/A,048603,Miami County ESC
districts.csv,2026-10-09,048652,Switzerland of Ohio Local,N/A,N/A,Traditional Public District,District,Open,Monroe,https://www.solsd.org,Jeremy.Beadmore@solsd.org,"304 Mill St, Woodsfield, Ohio, 43793",(740) 472-5801,(740) 472-5806,Jeremy Beardmore,Jeremy.Beardmore@solsd.org,N/A,Mitchell Dimmerling,mitchell.dimmerling@solsd.org,(740) 472-5801,N/A,N/A,N/A,123281,Ohio Valley ESC
districts.csv,2026-10-09,048710,New Lebanon Local School District,N/A,N/A,Traditional Public District,District,Open,Montgomery,http://www.newlebanonschools.org/,N/A,"320 S Fuls Rd, New Lebanon, Ohio, 45345",(937) 687-1301,(937) 687-7321,Greg Williams,N/A,N/A,Deborah Carson,dcarson@newlebanonschools.org,N/A,N/A,N/A,N/A,048660,Montgomery County ESC
districts.csv,2026-10-09,048728,Northmont City,N/A,N/A,Traditional Public District,District,Open,Montgomery,http://www.northmontschools.net,superintendent@northmontschools.net,"1150 W National Rd, Englewood, Ohio, 45315",(937) 832-5000,(937) 832-5001,Eric Hughes,eric.hughes@northmontschools.net,N/A,Marie Ferraro,aferraro@northmontschools.net,N/A,N/A,N/A,N/A,050765,Ohio Department of Education and Workforce
districts.csv,2026-10-09,048926,Benton Carroll Salem Local,N/A,N/A,Traditional Public District,District,Open,Ottawa,http://www.bcs.k12.oh.us/,cbergman@bcssd.com,"11685 W State Route 163, Oak Harbor, Ohio, 43449",(419) 898-6210,N/A,Cathy Bergman,N/A,N/A,CAJON KEETON,N/A,N/A,N/A,N/A,N/A,125690,North Point Educational Service Center
districts.csv,2026-10-09,048975,Put-In-Bay Local,N/A,N/A,Traditional Public District,District,Open,Ottawa,http://www.put-in-bay.k12.oh.us/,N/A,"548 Catawba Ave., Put-in-Bay, Ohio, 43456",(419) 285-3614,(419) 285-2137,Scott Mangas,smangas@put-in-bay.k12.oh.us,N/A,Joy Cooper,N/A,N/A,N/A,N/A,N/A,125690,North Point Educational Service Center
districts.csv,2026-10-09,049171,Aurora City,N/A,N/A,Traditional Public District,District,Open,Portage,http://www.aurora-schools.org/,N/A,"102 E Garfield Rd, Aurora, Ohio, 44202",(330) 562-6106,(330) 562-4892,Paul Milcetich,pmilcetich@aurora-schools.org,N/A,Bryan Schiraldi,bschiraldi@aurora-schools.org,N/A,N/A,N/A,N/A,050765,Ohio Department of Education and Workforce
districts.csv,2026-10-09,049429,Crestview Local,N/A,N/A,Traditional Public District,District,Open,Richland,http://www.crestviewschools.net,Klenk.robin@crestviewschools.net,"1575 State Route 96, Ashland, Ohio, 44805",(419) 895-1700,(419) 895-1733,James Grubbs,grubbs.jim@crestviewschools.net,N/A,Robin Klenk,klenk.robin@crestviewschools.net,N/A,N/A,N/A,N/A,123521,Mid-Ohio ESC
districts.csv,2026-10-09,049445,Lucas Local,N/A,N/A,Traditional Public District,District,Open,Richland,http://www.lucascubs.org/,foss.debi@lucascubs.org,"84 Lucas North Rd, Lucas, Ohio, 44843",(419) 892-2338,(419) 892-1138,Bradley Herman,N/A,N/A,Eric Pickering,N/A,N/A,N/A,N/A,N/A,123521,Mid-Ohio ESC
districts.csv,2026-10-09,049593,Bloom-Vernon Local,N/A,N/A,Traditional Public District,District,Open,Scioto,http://www.bv.k12.oh.us/,N/A,"10529 Main Street, South Webster, Ohio, 45682",(740) 778-2281,(740) 778-2526,Scott Holstein,scott.holstein@bvjeeps.org,(740) 778-2281,Ty Roberts,N/A,N/A,N/A,N/A,N/A,125658,South Central Ohio ESC
districts.csv,2026-10-09,049601,Clay Local,N/A,N/A,Traditional Public District,District,Open,Scioto,http://www.clay.k12.oh.us/,N/A,"44 Clay High St, Portsmouth, Ohio, 45662",(740) 354-6645,(740) 354-5746,William Warnock,N/A,N/A,Brandi Blackburn,N/A,N/A,N/A,N/A,N/A,125658,South Central Ohio ESC
districts.csv,2026-10-09,049957,Tuslaw Local,N/A,N/A,Traditional Public District,District,Open,Stark,http://www.tuslawschools.org,scargould@tuslawschools.org,"1835 Manchester Ave NW, Massillon, Ohio, 44647",(330) 837-7813,N/A,Charles McKenzie,amckenzie@tuslawschools.org,N/A,Jason Norris,N/A,N/A,N/A,N/A,N/A,049825,Stark County ESC
districts.csv,2026-10-09,050021,Hudson City,N/A,N/A,Traditional Public District,District,Open,Summit,http://www.hudson.k12.oh.us/,addisd@hudson.k12.oh.us,"76 N Hayden Pkwy, Hudson, Ohio, 44236",(330) 653-1200,(330) 653-1474,Dana Addis,N/A,N/A,Phillip Butto IV,buttop@hudson.k12.oh.us,N/A,N/A,N/A,N/A,049965,Summit County ESC
districts.csv,2026-10-09,050047,Nordonia Hills City,N/A,N/A,Traditional Public District,District,Open,Summit,http://www.nordoniaschools.org/,misti.patterson@nordoniaschools.org,"9370 Olde Eight Rd, Northfield, Ohio, 44067",(330) 467-0580,(330) 468-0152,Casey Wright,N/A,N/A,Kyle Kiffer,Kyle.Kiffer@nordoniaschools.org,N/A,N/A,N/A,N/A,050765,Ohio Department of Education and Workforce
districts.csv,2026-10-09,050112,Bristol Local,N/A,N/A,Traditional Public District,District,Open,Trumbull,http://www.bristol.k12.oh.us/,Megan.Titus@bristol.k12.oh.us,"1845 State Route 88, Bristolville, Ohio, 44402",(330) 889-3882,(330) 889-2529,Christopher Dray,N/A,N/A,Megan Titus,N/A,N/A,N/A,N/A,N/A,050088,Trumbull County ESC
districts.csv,2026-10-09,050138,Champion Local,N/A,N/A,Traditional Public District,District,Open,Trumbull,http://www.championlocal.org/,N/A,"5976 Mahoning Ave NW, Warren, Ohio, 44483",(330) 847-2330,(330) 847-2336,John Grabowski,john.grabowski@championlocal.org,N/A,Laurena Rouan,N/A,N/A,N/A,N/A,N/A,050088,Trumbull County ESC
districts.csv,2026-10-09,050195,Liberty Local,N/A,N/A,Traditional Public District,District,Open,Trumbull,https://www.libertylocalschools.org/,N/A,"4115 Shady Rd, Youngstown, Ohio, 44505",(330) 759-0807,(330) 759-1209,Brian Knight,N/A,N/A,Amber Shaeffer,N/A,N/A,N/A,N/A,N/A,050088,Trumbull County ESC
districts.csv,2026-10-09,050211,Maplewood Local,N/A,N/A,Traditional Public District,District,Open,Trumbull,http://www.maplewood.k12.oh.us/,mmccartney@maplewoodschools.org,"2414 Greenville Rd, Cortland, Ohio, 44410",(330) 637-7506,(330) 637-6616,Kevin O'Connell,koconnell@maplewoodschools.org,N/A,Merri Smith,N/A,N/A,N/A,N/A,N/A,050088,Trumbull County ESC
districts.csv,2026-10-09,050294,Strasburg-Franklin Local,N/A,N/A,Traditional Public District,District,Open,Tuscarawas,http://www.strasburg.k12.oh.us/,trevor.gummere@strasburgtigers.org,"140 N Bodmer Ave, Strasburg, Ohio, 44680",(330) 878-5571,(330) 878-7900,Vincent Lindsey,N/A,N/A,Trevor Gummere,N/A,N/A,N/A,N/A,N/A,049825,Stark County ESC
districts.csv,2026-10-09,050393,Vinton County Local,N/A,N/A,Traditional Public District,District,Open,Vinton,http://www.vinton.k12.oh.us/,N/A,"307 W High St, Mc Arthur, Ohio, 45651",(740) 596-5218,(740) 596-3142,TERESA SNIDER,teresa.snider@vc-k12.us,N/A,Erica Zinn,N/A,N/A,N/A,N/A,N/A,125682,Gallia-Vinton ESC
districts.csv,2026-10-09,050443,Little Miami Local,N/A,N/A,Traditional Public District,District,Open,Warren,http://www.littlemiamischools.com/,rmorgan@lmsdoh.org,"95 E Us Highway 22 And 3, Maineville, Ohio, 45039",(513) 899-2264,(513) 899-3244,Regina Morgan,rmorgan@lmsdoh.org,N/A,Terry Gonda,N/A,N/A,N/A,N/A,N/A,050401,Warren County ESC
districts.csv,2026-10-09,050534,Chippewa Local,N/A,N/A,Traditional Public District,District,Open,Wayne,http://www.chippewa.k12.oh.us/,Tim.adams@chippewaschools.com,"100 Valley View Rd, Doylestown, Ohio, 44230",(330) 658-6368,(330) 658-5842,Timothy Adams,N/A,N/A,Kenneth Gasser,ken.gasser@chippewaschools.com,N/A,N/A,N/A,N/A,050526,Tri-County ESC
districts.csv,2026-10-09,050633,Millcreek-West Unity Local,N/A,N/A,Traditional Public District,District,Open,Williams,http://www.hilltopcadets.org,jgriffin@hilltopcadets.org,"1401 W Jackson St, West Unity, Ohio, 43570",(419) 924-2365,(419) 924-2367,Steven Riley,sriley@hilltopcadets.org,N/A,Traci Thompson,tthompson@hilltopcadets.org,N/A,N/A,N/A,N/A,124297,Northwest Ohio Educational Service Center
districts.csv,2026-10-09,050716,Northwood Local Schools,N/A,N/A,Traditional Public District,District,Open,Wood,http://www.northwoodschools.org/,jkozina@northwoodschools.org,"700 Lemoyne Rd, Northwood, Ohio, 43619",(419) 691-3888,(419) 697-2470,Jason Kozina,jkozina@northwoodschools.org,N/A,Angel Adamski,aadamski@northwoodschools.org,N/A,N/A,N/A,N/A,050666,Wood County ESC
districts.csv,2026-10-09,050856,Belmont-Harrison,N/A,N/A,Joint Vocational School District,District,Open,Belmont,http://bhccenters.com/,N/A,"68090 Hammond Road, Saint Clairsville, Ohio, 43950",(740) 695-9130,(740) 695-5340,Heather Austin,heather.austin@bhccenters.com,N/A,Mark Lucas,N/A,N/A,N/A,N/A,N/A,050765,Ohio Department of Education and Workforce
districts.csv,2026-10-09,051045,Greene County Vocational School District,N/A,N/A,Joint Vocational School District,District,Open,Greene,N/A,N/A,"532 Innovation Dr, Xenia, Ohio, 45385",(937) 372-6941,(937) 502-4400,Brian McKnight,bmcknight@greeneccc.com,N/A,Georgia Lewis,N/A,N/A,N/A,N/A,N/A,050765,Ohio Department of Education and Workforce
districts.csv,2026-10-09,051334,Ohio Hi-Point Career Center,N/A,N/A,Joint Vocational School District,District,Open,Logan,http://ohiohipoint.com/,brichardson@ohiohipoint.com,"2280 State Route 540, Bellefontaine, Ohio, 43311",(937) 599-3010,(937) 599-2318,Bradley Richardson,N/A,N/A,Caleb Lang,N/A,N/A,N/A,N/A,N/A,050765,Ohio Department of Education and Workforce
districts.csv,2026-10-09,051490,Scioto County Joint Vocational School,N/A,N/A,Joint Vocational School District,District,Open,Scioto,www.sciototech.org,kyle.copley@sciototech.org,"951 Vern Riffe Dr, Lucasville, Ohio, 45648",(740) 259-5522,(740) 259-1553,Kyle Copley,kyle.copley@sciototech.org,N/A,Brett Butler,brett.butler@sciototech.org,N/A,N/A,N/A,N/A,050765,Ohio Department of Education and Workforce
districts.csv,2026-10-09,051672,Vantage Career Center,N/A,N/A,Joint Vocational School District,District,Open,Van Wert,N/A,N/A,"818 N Franklin St, Van Wert, Ohio, 45891",(419) 238-5411,(419) 238-4058,Rick Turner,turner.r@vantagecareercenter.com,N/A,DENISE Mooney,mooney.d@vantagecareercenter.com,N/A,N/A,N/A,N/A,050765,Ohio Department of Education and Workforce
districts.csv,2026-10-09,051714,Wayne County JVSD,N/A,N/A,Joint Vocational School District,District,Open,Wayne,http://www.wcscc.edu,N/A,"518 W Prospect St, Smithville, Ohio, 44677",(330) 669-7000,N/A,Lynn Moomaw,lmoomaw@wcscc.edu,N/A,Mary Workman,mworkman@wcscc.edu,N/A,N/A,N/A,N/A,050765,Ohio Department of Education and Workforce
districts.csv,2026-10-09,052555,Toledo Diocese,N/A,N/A,Nonpublic District,District,Open,Lucas,N/A,kkubik@toledodiocese.org,"1933 Spielbusch Ave, Toledo, Ohio, 43604",(419) 244-6711,(419) 255-8269,Kyle Kubik,N/A,N/A,N/A,N/A,N/A,N/A,N/A,N/A,052506,Catholic Conference Of Ohio
districts.csv,2026-10-09,061903,Adams County Ohio Valley Local,N/A,N/A,Traditional Public District,District,Open,Adams,http://www.ohiovalley.k12.oh.us/,larry.hook@ovsd.us,"141 Lloyd Rd, West Union, Ohio, 45693",(937) 544-5586,N/A,Larry Hook,larry.hook@ovsd.us,N/A,Sherri Spencer,sherri.spencer@ovsd.us,N/A,N/A,N/A,N/A,046375,Southern Ohio ESC
districts.csv,2026-10-09,061903,Adams County Ohio Valley Local,N/A,N/A,Traditional Public District,District,Open,Adams,http://www.ohiovalley.k12.oh.us/,larry.hook@ovsd.us,"141 Lloyd Rd, West Union, Ohio, 45693",(937) 544-5586,N/A,Larry Hook,larry.hook@ovsd.us,N/A,Sherri Spencer,sherri.spencer@ovsd.us,N/A,N/A,N/A,N/A,046029,Brown ESC
districts.csv,2026-10-09,065227,Coshocton County,N/A,N/A,Joint Vocational School District,District,Open,Coshocton,N/A,matt.colvin@cccareer.org,"23640 Airport Rd, Coshocton, Ohio, 43812",(740) 622-0211,(740) 623-4651,Matthew Colvin,matt.colvin@cccareer.org,N/A,Tamara Hess,tammy.hess@cccareer.org,N/A,N/A,N/A,N/A,050765,Ohio Department of Education and Workforce
districts.csv,2026-10-09,049452,Madison Local,N/A,N/A,Traditional Public District,District,Open,Richland,http://www.mlsd.net/,csmith@madisonrams.net,"1379 Grace St, Mansfield, Ohio, 44905",(419) 589-2600,(419) 589-3653,Robert Peterson,rpeterson@mlsd.net,N/A,Bradd Stevens,N/A,N/A,N/A,N/A,N/A,123521,Mid-Ohio ESC
districts.csv,2026-10-09,049528,Southeastern Local,N/A,N/A,Traditional Public District,District,Open,Ross,http://www.sepanthers.org,nathan.smith@sepanthers.org,"2003 Lancaster Rd, Chillicothe, Ohio, 45601",(740) 774-2003,(740) 774-1687,Nathan Smith,nathan.smith@sepanthers.org,N/A,Philip Hartman,N/A,N/A,N/A,N/A,N/A,138222,Ross-Pike ESC
districts.csv,2026-10-09,049536,Union-Scioto Local,N/A,N/A,Traditional Public District,District,Open,Ross,https://www.unioto.org/,mthornsberry@gotanks.org,"1565 Egypt Pike, Chillicothe, Ohio, 45601",(740) 773-4102,(740) 775-2852,Matthew Thornsberry,mthornsberry@gotanks.org,N/A,Nicolas Overly,noverly@gotanks.org,N/A,N/A,N/A,N/A,138222,Ross-Pike ESC
districts.csv,2026-10-09,049619,Green Local,N/A,N/A,Traditional Public District,District,Open,Scioto,http://www.green-local.k12.oh.us/,jarmstrong@greenbobcats.org,"4057 Gallia Pike, Franklin Furnace, Ohio, 45629",(740) 354-9221,(740) 355-8975,Jodi Armstrong,jarmstrong@greenbobcats.org,N/A,Brodie Merrill,brodiej.merrill@green.k12.oh.us,N/A,N/A,N/A,N/A,125658,South Central Ohio ESC
districts.csv,2026-10-09,049684,Seneca East Local,N/A,N/A,Traditional Public District,District,Open,Seneca,http://www.se-tigers.com,N/A,"13343 E US Highway 224, Attica, Ohio, 44807",(419) 426-7041,(419) 426-5514,David Danhoff,ddanhoff@se-tigers.com,N/A,Kyle McConnell,N/A,N/A,N/A,N/A,N/A,123257,North Central Ohio ESC
districts.csv,2026-10-09,049700,Hopewell-Loudon Local,N/A,N/A,Traditional Public District,District,Open,Seneca,http://www.hopewell-loudon.k12.oh.us/,nbergman@hlschool.net,"181 N. CR 7, BASCOM, Ohio, 44809",(419) 937-2216,(419) 937-2516,Matthew White,N/A,N/A,Nicholas Bergman,N/A,N/A,N/A,N/A,N/A,123257,North Central Ohio ESC
districts.csv,2026-10-09,049767,Botkins Local,N/A,N/A,Traditional Public District,District,Open,Shelby,http://www.botkins.k12.oh.us/,mcpheronj@botkins.k12.oh.us,"404 E State St, Botkins, Ohio, 45306",(937) 693-3756,(937) 693-2557,Jeffrey McPheron,mcpheronj@botkins.k12.oh.us,N/A,Joanna Jones,N/A,N/A,N/A,N/A,N/A,014777,Midwest Regional ESC
districts.csv,2026-10-09,049783,Fort Loramie Local,N/A,N/A,Traditional Public District,District,Open,Shelby,http://www.loramie.k12.oh.us/,N/A,"575 Greenback Rd, Fort Loramie, Ohio, 45845",(937) 295-3931,N/A,Daniel Holland,N/A,N/A,LeAnn Eiting,N/A,N/A,N/A,N/A,N/A,014777,Midwest Regional ESC
districts.csv,2026-10-09,049841,Fairless Local,N/A,N/A,Traditional Public District,District,Open,Stark,http://www.fairlesslocalschools.org,connie.horton@fairless.sparcc.org,"800 7th St SE, Brewster, Ohio, 44613",(330) 767-3577,(330) 767-3298,Michael Hearn,mike.hearn@fairless.sparcc.org,N/A,Mark Phillips,N/A,N/A,N/A,N/A,N/A,049825,Stark County ESC
districts.csv,2026-10-09,049858,Jackson Local,N/A,N/A,Traditional Public District,District,Open,Stark,http://www.jackson.stark.k12.oh.us/,N/A,"7602 Fulton Dr NW, Massillon, Ohio, 44646",(330) 830-8000,(330) 830-8008,Christopher Diloreto,cad2jc@jackson.sparcc.org,N/A,Bryan Haas,N/A,N/A,N/A,N/A,N/A,049825,Stark County ESC
districts.csv,2026-10-09,049940,Sandy Valley Local,N/A,N/A,Traditional Public District,District,Open,Stark,http://www.sandyvalleylocal.org/,N/A,"5362 State Route 183 NE, Magnolia, Ohio, 44643",(330) 866-3339,(330) 866-5238,Matthew Whitted,N/A,N/A,Jonathan Pusateri,jon.pusateri@apps.sparcc.org,N/A,N/A,N/A,N/A,049825,Stark County ESC
districts.csv,2026-10-09,045179,Zanesville City,N/A,N/A,Traditional Public District,District,Open,Muskingum,http://www.zanesville.k12.oh.us/,mstallard@zanesville.k12.oh.us,"956 Moxahala Ave, Zanesville, Ohio, 43701",(740) 454-9751,(740) 455-4325,Laura Tompkins,ltompkins@zanesville.k12.oh.us,N/A,Michael Young,myoung@zanesville.k12.oh.us,N/A,N/A,N/A,N/A,050765,Ohio Department of Education and Workforce
districts.csv,2026-10-09,045328,Columbiana Exempted Village,N/A,N/A,Traditional Public District,District,Open,Columbiana,http://www.columbiana.k12.oh.us/,Kathy.Davies@columbianaschools.org,"700 Columbiana Waterford Rd, Columbiana, Ohio, 44408",(330) 482-5353,(330) 482-5361,Donald Mook,don.mook@columbianaschools.org,N/A,Kathy Davies,N/A,N/A,N/A,N/A,N/A,048280,Educational Service Center of Eastern Ohio
districts.csv,2026-10-09,045351,Crooksville Exempted Village,N/A,N/A,Traditional Public District,District,Open,Perry,http://www.crooksville.org,shayla.rambo@crooksville.org,"4065 Ceramic Way, Crooksville, Ohio, 43731",(740) 982-7040,(740) 982-3551,Kevin Smith,kevin.smith@crooksville.org,N/A,Robert Ogg,N/A,N/A,N/A,N/A,N/A,050765,Ohio Department of Education and Workforce
districts.csv,2026-10-09,045401,Greenfield Exempted Village,N/A,N/A,Traditional Public District,District,Open,Highland,https://www.greenfield.k12.oh.us/,quincey.gray@greenfieldmcclain.org,"200 N 5th St, Greenfield, Ohio, 45123",(937) 981-2152,(937) 981-4395,Quincey Gray,quincey.gray@greenfieldmcclain.org,N/A,William Barber,brad.barber@greenfieldmcclain.org,N/A,N/A,N/A,N/A,050765,Ohio Department of Education and Workforce
districts.csv,2026-10-09,045427,Hubbard Exempted Village,N/A,N/A,Traditional Public District,District,Open,Trumbull,http://www.hubbard.k12.oh.us/,jordana@hubbard.k12.oh.us,"108 Orchard Ave, Hubbard, Ohio, 44425",(330) 534-1921,(330) 534-0522,Raymond Soloman,solomanr@hubbard.k12.oh.us,N/A,Amber DeJulio,N/A,N/A,N/A,N/A,N/A,050765,Ohio Department of Education and Workforce
districts.csv,2026-10-09,045435,Indian Hill Exempted Village,N/A,N/A,Traditional Public District,District,Open,Hamilton,http://indianhillschools.org/,melissa.stewart@ihsd.us,"6855 Drake Rd, Cincinnati, Ohio, 45243",(513) 272-4500,(513) 272-4756,Melissa Stewart,Melissa.Stewart@ihsd.us,N/A,Michael Davis,mick.davis@ihsd.us,N/A,N/A,N/A,N/A,050765,Ohio Department of Education and Workforce
districts.csv,2026-10-09,045583,Perrysburg Exempted Village,N/A,N/A,Traditional Public District,District,Open,Wood,http://www.perrysburgschools.net/,N/A,"140 E Indiana Ave, Perrysburg, Ohio, 43551",(419) 874-9131,(419) 872-8820,Michael Acomb,supt@perrysburgschools.net,N/A,Randolph Drewyor,N/A,N/A,N/A,N/A,N/A,050765,Ohio Department of Education and Workforce
districts.csv,2026-10-09,045666,Windham Exempted Village,N/A,N/A,Traditional Public District,District,Open,Portage,http://www.windham-schools.org/,lhankins@windham-schools.org,"9530 Bauer Ave, Windham, Ohio, 44288",(330) 326-2711,(330) 326-2134,Michael Dobran,N/A,N/A,Corrie Bott,cbott@windham-schools.org,(330) 326-2711,N/A,N/A,N/A,050765,Ohio Department of Education and Workforce
districts.csv,2026-10-09,045674,Yellow Springs Exempted Village,N/A,N/A,Traditional Public District,District,Open,Greene,https://www.ysschools.org/,MWINSTON@ysschools.org,"888 Dayton St Unit 106, Yellow Springs, Ohio, 45387",(937) 767-7381,(937) 767-6604,Megan Winston,mwinston@ysschools.org,N/A,Jacob McGrath,N/A,N/A,N/A,N/A,N/A,050765,Ohio Department of Education and Workforce
districts.csv,2026-10-09,046045,Fayetteville-Perry Local,N/A,N/A,Traditional Public District,District,Open,Brown,www.fpls.us,Tim.Carlier@fpls.us,"551 S Apple St, Fayetteville, Ohio, 45118",(513) 875-2423,(513) 875-2703,David Gibson,dave.gibson@FPLS.us,(513) 875-4500,Lisa Tussey,N/A,N/A,N/A,N/A,N/A,046029,Brown ESC
districts.csv,2026-10-09,200025,Mayfield Excel T.E.C.C. CTPD,N/A,N/A,Career Technical Planning District,District,Open,Cuyahoga,N/A,N/A,"59 Alpha Park, Highland Heights, Ohio, 44143",N/A,N/A,Michael Barnes,mbarnes@mayfieldschools.org,N/A,Colleen Harrison,charrison@mayfieldschools.org,N/A,N/A,N/A,N/A,N/A,N/A
districts.csv,2026-10-09,200026,Parma City CTPD,N/A,N/A,Career Technical Planning District,District,Open,Cuyahoga,https://www.parmacityschools.org/,caldwellc@parmacityschools.org,"7377 Chateau Dr, Parma, Ohio, 44130",(440) 842-5300,N/A,Scott Hunt,hunts@parmacityschools.org,N/A,Sean Nuccio,nuccios@parmacityschools.org,N/A,N/A,N/A,N/A,N/A,N/A
districts.csv,2026-10-09,200035,Columbus City CTPD,N/A,N/A,Career Technical Planning District,District,Open,Franklin,N/A,N/A,"270 E State St, Columbus, Ohio, 43215",N/A,N/A,Angela Chapman,superintendent@columbus.k12.oh.us,N/A,Ryan Cook,rcook1@columbus.k12.oh.us,N/A,N/A,N/A,N/A,N/A,N/A
districts.csv,2026-10-09,200037,Tolles Career & Technical Center CTPD,N/A,N/A,Career Technical Planning District,District,Open,Madison,N/A,acosman@tollestech.com,"7877 Us Highway 42 S, Plain City, Ohio, 43064",N/A,N/A,Todd Hoadley,thoadley@tollestech.com,N/A,Aaron Cosman,N/A,N/A,N/A,N/A,N/A,N/A,N/A
districts.csv,2026-10-09,200051,Knox County JVSD CTPD,N/A,N/A,Career Technical Planning District,District,Open,Knox,N/A,N/A,"306 Martinsburg Rd, Mount Vernon, Ohio, 43050",N/A,N/A,Kathrine Greenich,N/A,N/A,Tracy Elliott,N/A,N/A,N/A,N/A,N/A,N/A,N/A
districts.csv,2026-10-09,200057,Lorain City CTPD,N/A,N/A,Career Technical Planning District,District,Open,Lorain,N/A,N/A,"2350 Pole Ave, Lorain, Ohio, 44052",N/A,N/A,Jeffrey Graham,N/A,N/A,Tia Kearney,N/A,N/A,N/A,N/A,N/A,N/A,N/A
districts.csv,2026-10-09,200058,Lorain County JVSD CTPD,N/A,N/A,Career Technical Planning District,District,Open,Lorain,N/A,N/A,"15181 State Route 58, Oberlin, Ohio, 44074",N/A,N/A,Glenn Faircloth,N/A,N/A,Cory Thompson,N/A,N/A,N/A,N/A,N/A,N/A,N/A
districts.csv,2026-10-09,200066,Medina County JVSD CTPD,N/A,N/A,Career Technical Planning District,District,Open,Medina,N/A,N/A,"1101 W Liberty St, Medina, Ohio, 44256",N/A,N/A,Steven Chrisman,N/A,N/A,Aaron Butts,abutts@mcjvs.edu,N/A,N/A,N/A,N/A,N/A,N/A
districts.csv,2026-10-09,200071,Dayton City CTPD,N/A,N/A,Career Technical Planning District,District,Open,Montgomery,N/A,N/A,"136 S Ludlow St, Dayton, Ohio, 45402",N/A,N/A,David Lawrence,N/A,N/A,Hiwot Abraha,hiabraha@daytonpublic.com,N/A,N/A,N/A,N/A,N/A,N/A
districts.csv,2026-10-09,200072,Mad River Local CTPD,N/A,N/A,Career Technical Planning District,District,Open,Montgomery,N/A,N/A,"801 Old Harshman Rd, Dayton, Ohio, 45431",N/A,N/A,Chad Wyen,N/A,N/A,Christopher Fox,N/A,(937) 941-5537,N/A,N/A,N/A,N/A,N/A
districts.csv,2026-10-09,200073,Miami Valley Career Technology JVSD CTPD,N/A,N/A,Career Technical Planning District,District,Open,Montgomery,N/A,N/A,"6800 Hoke Rd, Englewood, Ohio, 45315",N/A,N/A,Nicholas Weldy,nweldy@mvctc.com,N/A,Brad McKee,bmckee@mvctc.com,N/A,N/A,N/A,N/A,N/A,N/A
districts.csv,2026-10-09,200079,College Corner Local CTPD,N/A,N/A,Career Technical Planning District,District,Open,Preble,N/A,N/A,"230 Ramsey Street, College Corner, Ohio, 45003",N/A,N/A,N/A,N/A,N/A,N/A,N/A,N/A,N/A,N/A,N/A,N/A,N/A
districts.csv,2026-10-09,200085,Vanguard-Sentinel JVSD CTPD,N/A,N/A,Career Technical Planning District,District,Open,Sandusky,N/A,N/A,"1306 Cedar St, Fremont, Ohio, 43420",N/A,N/A,Gregory Edinger,gedinger@vsctc.org,N/A,ALEX BINGER,N/A,N/A,N/A,N/A,N/A,N/A,N/A
districts.csv,2026-10-09,200089,Alliance City CTPD,N/A,N/A,Career Technical Planning District,District,Open,Stark,N/A,N/A,"500 Glamorgan St, Alliance, Ohio, 44601",N/A,N/A,Robert Gress,gressro@alliancecityschools.org,N/A,Kirk Heath,heathki@alliancecityschools.org,N/A,N/A,N/A,N/A,N/A,N/A
districts.csv,2026-10-09,050013,Green Local,N/A,N/A,Traditional Public District,District,Open,Summit,http://www.greenlocalschools.org/,kapperrhonda@greenlocalschools.org,"1755 Town Park Blvd, Uniontown, Ohio, 44685",(330) 896-7500,(330) 896-7580,Jeffrey Miller II,millerjeff@greenlocalschools.org,N/A,Eydie Snowberger,snowbergereydie@greenlocalschools.org,N/A,N/A,N/A,N/A,049965,Summit County ESC
districts.csv,2026-10-09,050096,Bloomfield-Mespo Local,N/A,N/A,Traditional Public District,District,Open,Trumbull,https://bloomfieldmespo.smartsiteshost.com/,robert.kujala@blmschools.org,"2077 Park Rd W, North Bloomfield, Ohio, 44450",(440) 200-0861,(440) 200-0863,Robert Kujala,robert.kujala@blmschools.org,N/A,Robert Hollada,N/A,N/A,N/A,N/A,N/A,050088,Trumbull County ESC
districts.csv,2026-10-09,050120,Brookfield Local ,N/A,N/A,Traditional Public District,District,Open,Trumbull,http://www.brookfield.k12.oh.us/,darla.evans@brookfieldschools.us,"614 Bedford Rd SE, Brookfield, Ohio, 44403",(330) 448-4930,(330) 448-5026,William Gibson,toby.gibson@brookfieldschools.us,N/A,Jordan Weber,jordan.weber@brookfieldschools.us,N/A,N/A,N/A,N/A,050088,Trumbull County ESC
districts.csv,2026-10-09,050203,Lordstown Local,N/A,N/A,Traditional Public District,District,Open,Trumbull,http://www.lordstown.k12.oh.us/,greg.bonamase@lordstownschools.org,"1824 Salt Springs Rd, Warren, Ohio, 44481",(330) 824-2535,(330) 824-0074,Gregory Bonamase,N/A,N/A,Mark Ferrara,N/A,N/A,N/A,N/A,N/A,050088,Trumbull County ESC
districts.csv,2026-10-09,050229,McDonald Local,N/A,N/A,Traditional Public District,District,Open,Trumbull,http://www.mcdonald.k12.oh.us,N/A,"600 Iowa Ave, Mc Donald, Ohio, 44437",(330) 530-8051,(330) 530-7041,Gary Carkido,carkg@mcdonald.k12.oh.us,N/A,AMANDA LATELL,latea@mcdonald.k12.oh.us,N/A,N/A,N/A,N/A,050088,Trumbull County ESC
districts.csv,2026-10-09,050369,Lincolnview Local,N/A,N/A,Traditional Public District,District,Open,Van Wert,http://www.lincolnview.k12.oh.us/,N/A,"15945 Middle Point Rd, Van Wert, Ohio, 45891",(419) 968-2226,(419) 968-2227,Jeffrey Snyder,jsnyder@lvlancers.com,N/A,Kaitlyn Edelbrock,kedelbrock@lvlancers.com,N/A,N/A,N/A,N/A,134999,Western Buckeye ESC
districts.csv,2026-10-09,050450,Mason City,N/A,N/A,Traditional Public District,District,Open,Warren,http://www.masonohioschools.com,N/A,"211 N East St, Mason, Ohio, 45040",(513) 398-0474,(513) 398-4554,Jonathan Cooper,cooper@masonohioschools.com,N/A,SHAUN BEVAN,N/A,N/A,N/A,N/A,N/A,050765,Ohio Department of Education and Workforce
districts.csv,2026-10-09,050468,Wayne Local,N/A,N/A,Traditional Public District,District,Open,Warren,http://www.wayne-local.com/,N/A,"625 Dayton Rd, Waynesville, Ohio, 45068",(513) 897-6971,(513) 897-9605,Samuel Ison,sison@wayne-local.com,N/A,Carolyn Huber,chuber@waynelocal.net,N/A,N/A,N/A,N/A,050401,Warren County ESC
districts.csv,2026-10-09,050559,Green Local,N/A,N/A,Traditional Public District,District,Open,Wayne,http://www.green-local.k12.oh.us/,N/A,"100 Smithie Drive, Smithville, Ohio, 44677",(330) 669-3921,(330) 669-2121,Dean Frank,N/A,N/A,Alan Boone,N/A,N/A,N/A,N/A,N/A,050526,Tri-County ESC
districts.csv,2026-10-09,050799,Southern Hills,N/A,N/A,Joint Vocational School District,District,Open,Brown,www.shctc.us,kevin.kratzer@shctc.us,"9231 Hamer Rd, Georgetown, Ohio, 45121",(937) 378-6131,(937) 378-4577,Kevin Kratzer,N/A,N/A,Kari Barnes,N/A,N/A,N/A,N/A,N/A,050765,Ohio Department of Education and Workforce
districts.csv,2026-10-09,050815,Ashtabula County Technical and Career Center,N/A,N/A,Joint Vocational School District,District,Open,Ashtabula,www.atech.edu,scott.wludyga@atech.edu,"1565 State Route 167, Jefferson, Ohio, 44047",(440) 576-6015,N/A,Richard Wludyga,scott.wludyga@atech.edu,N/A,Lindsey Elly,N/A,N/A,N/A,N/A,N/A,050765,Ohio Department of Education and Workforce
districts.csv,2026-10-09,050989,Delaware Area Career Center,N/A,N/A,Joint Vocational School District,District,Open,Delaware,N/A,N/A,"4565 Columbus Pike, Delaware, Ohio, 43015",(740) 548-0708,(740) 549-1397,Jay Poroda,porodaj@delawareareacc.org,N/A,Christopher Bell,bellc@delawareareacc.org,N/A,N/A,N/A,N/A,050765,Ohio Department of Education and Workforce
districts.csv,2026-10-09,051003,Eastland-Fairfield Career & Technical Schools,N/A,N/A,Joint Vocational School District,District,Open,Franklin,https://www.eastlandfairfield.com/about,N/A,"4300 Amalgamated Pl, Groveport, Ohio, 43125",(614) 836-4530,(614) 280-2249,Shelley Groves,sgroves@efcts.us,N/A,Dawn Lemley,N/A,N/A,N/A,N/A,N/A,050765,Ohio Department of Education and Workforce
districts.csv,2026-10-09,051029,EHOVE Career Center,N/A,N/A,Joint Vocational School District,District,Open,Erie,http://www.ehove.net,cmccully@ehove.net,"316 Mason Rd W, Milan, Ohio, 44846",N/A,() 614-5409,Chris McCully,N/A,N/A,TIMOTHY COFFMAN,tcoffman@ehove.net,N/A,N/A,N/A,N/A,050765,Ohio Department of Education and Workforce
districts.csv,2026-10-09,051169,Auburn,N/A,N/A,Joint Vocational School District,District,Open,Lake,N/A,N/A,"8140 Auburn Rd, Painesville, Ohio, 44077",(440) 358-8011,(440) 357-0310,Joseph Glavan,jglavan@auburncc.org,N/A,Jason Crowe,jcrowe@auburncc.org,(440) 358-8006,N/A,N/A,N/A,050765,Ohio Department of Education and Workforce
districts.csv,2026-10-09,051185,Lawrence County,N/A,N/A,Joint Vocational School District,District,Open,Lawrence,N/A,N/A,"11627 State Route 243, Chesapeake, Ohio, 45619",(740) 867-6641,(740) 867-2009,Adam Pittis,pittisam@collins-cc.edu,(740) 744-1315,Brad Carpenter,N/A,N/A,N/A,N/A,N/A,050765,Ohio Department of Education and Workforce
districts.csv,2026-10-09,051201,Career and Technology Educational Centers,N/A,N/A,Joint Vocational School District,District,Open,Licking,N/A,N/A,"150 Price Rd, Newark, Ohio, 43055",(740) 366-3351,(740) 366-6215,Michelle Snow,N/A,N/A,Benjamin Streby,N/A,N/A,N/A,N/A,N/A,050765,Ohio Department of Education and Workforce
districts.csv,2026-10-09,051300,Mid-East Career and Technology Centers,N/A,N/A,Joint Vocational School District,District,Open,Muskingum,http://www.mideastctc.org,mjohnson@mideastctc.org,"400 Richards Rd, Zanesville, Ohio, 43701",(740) 454-0105,(740) 454-0731,Matthew Sheridan,msheridan@mideastctc.org,N/A,Nanette Nolder,N/A,N/A,N/A,N/A,N/A,050765,Ohio Department of Education and Workforce
districts.csv,2026-10-09,051359,Penta Career Center - District,N/A,N/A,Joint Vocational School District,District,Open,Wood,N/A,N/A,"9301 Buck Rd, Perrysburg, Ohio, 43551",(419) 661-6351,(419) 666-6049,Edward Ewers,eewers@pentacareercenter.org,N/A,Michael Harrigan,N/A,N/A,N/A,N/A,N/A,050765,Ohio Department of Education and Workforce
districts.csv,2026-10-09,051375,Pike County Area,N/A,N/A,Joint Vocational School District,District,Open,Pike,N/A,tonya.cooper@pikectc.net,"175 Beaver Creek Rd, Piketon, Ohio, 45661",(740) 289-2721,(740) 289-8891,Eric Meredith,N/A,N/A,Tonya Cooper,tonya.cooper@pikectc.net,N/A,N/A,N/A,N/A,050765,Ohio Department of Education and Workforce
districts.csv,2026-10-09,051532,Springfield-Clark County,N/A,N/A,Joint Vocational School District,District,Open,Clark,N/A,michellepatrick@scctc.org,"1901 Selma Rd, Springfield, Ohio, 45505",(937) 325-7368,(937) 325-7452,Michelle Patrick,michellepatrick@scctc.org,N/A,JULIANA ROOPLALL-WALLACE,N/A,N/A,N/A,N/A,N/A,050765,Ohio Department of Education and Workforce
districts.csv,2026-10-09,052530,Columbus Diocese,N/A,N/A,Nonpublic District,District,Open,Franklin,http://education.columbuscatholic.org/,superintendent@columbuscatholic.org,"197 E Gay St, Columbus, Ohio, 43215",(614) 221-5829,(614) 241-2563,Adam Dufault,adufault@columbuscatholic.org,N/A,N/A,N/A,N/A,N/A,N/A,N/A,052506,Catholic Conference Of Ohio
districts.csv,2026-10-09,000136,Ohio Association of Independent Schools,N/A,N/A,Nonpublic District,District,Open,Licking,http://www.oais.org,dandodd@oais.org,"49 Joy Ln, Granville, Ohio, 43023",(740) 973-5930,N/A,Daniel Dodd,dandodd@oais.org,N/A,N/A,N/A,N/A,N/A,N/A,N/A,000136,Ohio Association of Independent Schools
districts.csv,2026-10-09,015459,Career Pathway Support Network-Southwest,N/A,N/A,Tech Prep. Regional Centers,District,Open,Hamilton,N/A,N/A,"3520 Central Pkwy, Cincinnati, Ohio, 45223",N/A,N/A,N/A,N/A,N/A,N/A,N/A,N/A,N/A,N/A,N/A,N/A,N/A
districts.csv,2026-10-09,052548,Steubenville Diocese,N/A,N/A,Nonpublic District,District,Open,Jefferson,N/A,pward@diosteub.org,"422 Washington St, Steubenville, Ohio, 43952",(740) 282-3631,(740) 282-3327,Paul Ward,pward@diosteub.org,(740) 282-3631,N/A,N/A,N/A,N/A,N/A,N/A,052506,Catholic Conference Of Ohio
districts.csv,2026-10-09,052571,Seventh-Day Adventist Oh Conf,N/A,N/A,Nonpublic District,District,Open,Montgomery,N/A,N/A,"1251 E Dorothy Ln, Dayton, Ohio, 45419",(740) 397-4665,(740) 397-1648,Richard Bianco,N/A,N/A,N/A,N/A,N/A,N/A,N/A,N/A,052571,Seventh-Day Adventist Oh Conf
districts.csv,2026-10-09,062026,Stark County Area,N/A,N/A,Joint Vocational School District,District,Open,Stark,www.rgdrage.org,N/A,"2800 Richville Dr SE, Massillon, Ohio, 44646",(330) 832-1591,(330) 832-9850,Daniel Murphy,daniel.murphy@rgdrage.org,N/A,Jason Schatzel,jason.schatzel@cantonlocal.org,N/A,N/A,N/A,N/A,050765,Ohio Department of Education and Workforce
districts.csv,2026-10-09,062125,Upper Valley Career Center,N/A,N/A,Joint Vocational School District,District,Open,Miami,http://www.uppervalleycc.org/,N/A,"8811 Career Dr, Piqua, Ohio, 45356",(937) 778-1980,(937) 778-0103,Jason Haak,N/A,N/A,Anthony Fraley,N/A,N/A,N/A,N/A,N/A,050765,Ohio Department of Education and Workforce
districts.csv,2026-10-09,091397,Tri-County North Local,N/A,N/A,Traditional Public District,District,Open,Preble,www.tricounty.oh.schoolwebpages.com/,N/A,"436 N Commerce St, Lewisburg, Ohio, 45338",(937) 962-2671,(937) 962-4731,Bryan Wagoner,bryan.wagoner@tcnschools.org,N/A,Daniel Burden,N/A,(937) 602-7188,N/A,N/A,N/A,049254,Preble County ESC
districts.csv,2026-10-09,000129,Association of Christian Schools International,N/A,N/A,Nonpublic District,District,Open,Stark,http://www.acsi.org,N/A,"386 E Mohawk Dr, Malvern, Ohio, 44644",(815) 282-7070,N/A,Jeffrey Mattner,jeff_mattner@acsi.org,(847) 489-0277,N/A,N/A,N/A,N/A,N/A,N/A,N/A,N/A
districts.csv,2026-10-09,000254,Orthodox Christian Schools of Northeast Ohio,N/A,N/A,Nonpublic District,District,Open,Portage,N/A,dswires@neo.rr.com,", , , ",(330) 628-4441,N/A,Jane Beese,N/A,N/A,N/A,N/A,N/A,N/A,N/A,N/A,000254,Orthodox Christian Schools of Northeast Ohio
districts.csv,2026-10-09,000442,Manchester Local,N/A,N/A,Traditional Public District,District,Open,Adams,http://www.mlsd.us/,melinda.horsley@mlsd.us,"130 Wayne Frye Dr, Manchester, Ohio, 45144",(937) 549-4777,(937) 549-4744,Nicholas Roberts,N/A,N/A,MELINDA Horsley,N/A,N/A,N/A,N/A,N/A,125658,South Central Ohio ESC
districts.csv,2026-10-09,015458,Career Pathway Support Network - Northwest,N/A,N/A,Tech Prep. Regional Centers,District,Open,Seneca,N/A,lkagy@ncoesc.org,"928 W Market St, Tiffin, Ohio, 44883",N/A,N/A,N/A,N/A,N/A,N/A,N/A,N/A,N/A,N/A,N/A,N/A,N/A
districts.csv,2026-10-09,046060,Western Brown Local,N/A,N/A,Traditional Public District,District,Open,Brown,http://www.wb.k12.oh.us/,N/A,"524 W Main St, Mount Orab, Ohio, 45154",(937) 444-2044,(937) 444-4303,Raegan White,raegan.white@wbbroncos.com,N/A,Angela Carpenter,angie.carpenter@wbbroncos.com,(937) 444-2044,N/A,N/A,N/A,046029,Brown ESC
districts.csv,2026-10-09,046078,Ripley-Union-Lewis-Huntington Local,N/A,N/A,Traditional Public District,District,Open,Brown,http://www.rulh.us,james.wilkins@rulh.us,"502 S 2nd St, Ripley, Ohio, 45167",(937) 392-4396,N/A,James Wilkins II,james.wilkins@rulh.us,N/A,Zoie Garrett,zoie.garrett@rulh.us,N/A,N/A,N/A,N/A,046029,Brown ESC
districts.csv,2026-10-09,046326,Clermont Northeastern Local,N/A,N/A,Traditional Public District,District,Open,Clermont,http://www.cneschools.org/,crone_d@cneschools.org,"2792 Us Highway 50, Batavia, Ohio, 45103",(513) 625-1211,(513) 625-6080,TRAVIS DORSEY,N/A,N/A,Christina Laubach,Laubach_c@cneschools.org,N/A,N/A,N/A,N/A,046292,Clermont County ESC
districts.csv,2026-10-09,046383,Blanchester Local,N/A,N/A,Traditional Public District,District,Open,Clinton,http://www.blanschools.org/,unversawa@blan.org,"957 Cherry St, Blanchester, Ohio, 45107",(937) 783-3523,(937) 783-2990,Raechel Purdon,N/A,(937) 783-3523,Roy Unversaw,unversawa@blan.org,N/A,N/A,N/A,N/A,046375,Southern Ohio ESC
districts.csv,2026-10-09,046391,Clinton-Massie Local,N/A,N/A,Traditional Public District,District,Open,Clinton,www.cmfalcons.org,N/A,"2556 Lebanon Rd, Clarksville, Ohio, 45113",(937) 289-2471,(937) 744-4531,David Moss,N/A,N/A,Carrie Bir,N/A,N/A,N/A,N/A,N/A,046375,Southern Ohio ESC
districts.csv,2026-10-09,046748,Big Walnut Local,N/A,N/A,Traditional Public District,District,Open,Delaware,http://www.bwls.net,ryanmclane@bwls.net,"110 Tippett Ct, Sunbury, Ohio, 43074",(740) 965-3010,N/A,Ryan McLane,ryanmclane@bwls.net,N/A,James Gooding,scottgooding@bwls.net,N/A,N/A,N/A,N/A,046938,ESC of Central Ohio
districts.csv,2026-10-09,046821,Vermilion Local,N/A,N/A,Traditional Public District,District,Open,Erie,http://www.vermilionschools.org/,N/A,"1250 Sanford St, Vermilion, Ohio, 44089",(440) 204-1721,(440) 204-1719,Wesley Weaver,wweaver@vermilionschools.org,N/A,Justin Klingshirn,N/A,N/A,N/A,N/A,N/A,125690,North Point Educational Service Center
districts.csv,2026-10-09,047068,Fayette Local,N/A,N/A,Traditional Public District,District,Open,Fulton,http://www.fayettesch.org/,abelcher@fayettesch.org,"400 E Gamble Rd, Fayette, Ohio, 43521",(416) 237-2573,(416) 237-3125,Angela Belcher,N/A,N/A,KELLY BENTLEY,kbentley@fayettesch.org,N/A,N/A,N/A,N/A,124297,Northwest Ohio Educational Service Center
districts.csv,2026-10-09,047084,Pike-Delta-York Local,N/A,N/A,Traditional Public District,District,Open,Fulton,http://pdys.org,N/A,"504 Fernwood St., Delta, Ohio, 43515",(419) 822-3391,(419) 822-4478,Douglas Ford,N/A,(419) 822-3391,Terrie Freeman,tfreeman@pdys.org,(419) 304-3122,N/A,N/A,N/A,124297,Northwest Ohio Educational Service Center
districts.csv,2026-10-09,047167,Berkshire Local,N/A,N/A,Traditional Public District,District,Open,Geauga,http://www.berkshireschools.org/,john.stoddard@berkshireschools.org,"14155 Claridon Troy Rd, Burton, Ohio, 44021",(440) 834-3380,(440) 834-2058,John Stoddard,john.stoddard@berkshireschools.org,N/A,Matthew Hosler,matthew.hosler@berkshireschools.org,N/A,N/A,N/A,N/A,047860,Educational Service Center of the Western Reserve
districts.csv,2026-10-09,047241,Beavercreek City,N/A,N/A,Traditional Public District,District,Open,Greene,http://www.beavercreek.k12.oh.us/,N/A,"4029 Executive Dr, Beavercreek, Ohio, 45430",(937) 426-1522,(937) 429-7517,Paul Otten,N/A,N/A,Joy Kitzmiller,N/A,N/A,N/A,N/A,N/A,050765,Ohio Department of Education and Workforce
districts.csv,2026-10-09,047340,Forest Hills Local,N/A,N/A,Traditional Public District,District,Open,Hamilton,http://www.foresthills.edu/,N/A,"7946 Beechmont Ave, Cincinnati, Ohio, 45255",(513) 231-3600,(513) 231-3830,Suzanna Davis,suzannadavis@foresthills.edu,N/A,Alana Cropper,N/A,N/A,N/A,N/A,N/A,047324,Hamilton County ESC
districts.csv,2026-10-09,047415,Arcadia Local,N/A,N/A,Traditional Public District,District,Open,Hancock,http://www.arcadiaschools.org/,N/A,"19033 State Route 12, Arcadia, Ohio, 44804",(419) 894-6431,(419) 894-6970,David Golden,goldend@arcadiaschools.org,N/A,Angela Spridgeon,N/A,N/A,N/A,N/A,N/A,047407,Hancock County ESC
districts.csv,2026-10-09,047589,Liberty Center Local,N/A,N/A,Traditional Public District,District,Open,Henry,http://www.libertycenter.k12.oh.us/,N/A,"100 Tiger Trail, Liberty Center, Ohio, 43532",(419) 533-5011,(419) 533-5036,Richard Peters,N/A,N/A,JENELL Buenger,N/A,N/A,N/A,N/A,N/A,124297,Northwest Ohio Educational Service Center
districts.csv,2026-10-09,047613,Bright Local,N/A,N/A,Traditional Public District,District,Open,Highland,http://www.blsd.us,jeff.rowley@blsd.us,"44 N High St, Mowrystown, Ohio, 45155",(937) 442-3114,(937) 442-6655,JASON ILES,jason.iles@blsd.us,N/A,Jeffrey Rowley,jeff.rowley@blsd.us,N/A,N/A,N/A,N/A,046375,Southern Ohio ESC
districts.csv,2026-10-09,047688,East Holmes Local ,N/A,N/A,Traditional Public District,District,Open,Holmes,www.eastholmes.org,N/A,"4535 TR 367, Millersburg, Ohio, 44654",(330) 893-2610,(330) 893-2838,Erik Beun,N/A,N/A,Charles Reiman,N/A,N/A,N/A,N/A,N/A,050526,Tri-County ESC
districts.csv,2026-10-09,047696,West Holmes Local,N/A,N/A,Traditional Public District,District,Open,Holmes,www.westholmes.org,ejurkovic@westholmes.org,"28 W Jackson St, Millersburg, Ohio, 44654",(330) 674-3546,N/A,Eric Jurkovic,ejurkovic@westholmes.org,N/A,Jamie Mullet,jmullet@westholmes.org,N/A,N/A,N/A,N/A,050526,Tri-County ESC
districts.csv,2026-10-09,047787,Buckeye Local ,N/A,N/A,Traditional Public District,District,Open,Jefferson,http://www.buckeyelocal.net/,N/A,"6899 State Highway 150, Dillonvale, Ohio, 43917",(740) 769-7395,(740) 769-2361,Coy Sudvary,coy.sudvary@buckeyelocal.net,N/A,Merri Matthews,N/A,N/A,N/A,N/A,N/A,047779,Jefferson County ESC
districts.csv,2026-10-09,047928,Dawson-Bryant Local,N/A,N/A,Traditional Public District,District,Open,Lawrence,http://www.db.k12.oh.us/,ellen.adkins@db.k12.oh.us,"701 High St, Coal Grove, Ohio, 45638",(740) 532-6451,(740) 533-6019,Ellen Adkins,ellen.adkins@db.k12.oh.us,N/A,Bradley Miller,brad.miller@db.k12.oh.us,N/A,N/A,N/A,N/A,047910,Lawrence County ESC
districts.csv,2026-10-09,047951,South Point Local,N/A,N/A,Traditional Public District,District,Open,Lawrence,http://www.southpoint.k12.oh.us/,cmathes@southpoint.k12.oh.us,"302 High St, South Point, Ohio, 45680",(740) 377-4315,(740) 377-9735,Chris Mathes,N/A,N/A,Lee Elliott,lelliott@southpoint.k12.oh.us,N/A,N/A,N/A,N/A,047910,Lawrence County ESC
districts.csv,2026-10-09,048009,Licking Heights Local,N/A,N/A,Traditional Public District,District,Open,Licking,http://www.lhschools.org/,jocelyn.cosgrave@lhschools.org,"6507 Summit Rd SW Ste A, Pataskala, Ohio, 43062",(740) 927-6926,(740) 927-9043,Kevin Miller,N/A,N/A,Todd Griffith,N/A,N/A,N/A,N/A,N/A,046938,ESC of Central Ohio
districts.csv,2026-10-09,048025,North Fork Local,N/A,N/A,Traditional Public District,District,Open,Licking,http://www.northfork.k12.oh.us/,shartley@northfork.k12.oh.us,"312 Maple Ave, Utica, Ohio, 43080",(740) 892-3666,(740) 892-2937,Scott Hartley,N/A,N/A,Kellie Breehl,N/A,N/A,N/A,N/A,N/A,047977,Licking Regional Educational Service Center
districts.csv,2026-10-09,048082,Indian Lake Local,N/A,N/A,Traditional Public District,District,Open,Logan,http://www.indianlake.k12.oh.us/,N/A,"6210 State Route 235 N, Lewistown, Ohio, 43333",(937) 686-8601,(937) 686-8421,Robert Underwood,underwoodr@ils-k12.org,N/A,Brady Hipsher,hipsherb@ils-k12.org,N/A,N/A,N/A,N/A,014777,Midwest Regional ESC
districts.csv,2026-10-09,048116,Avon Local,N/A,N/A,Traditional Public District,District,Open,Lorain,http://www.avonlocalschools.org/,N/A,"35600 Bentley Dr, Avon, Ohio, 44011",(440) 937-4680,(440) 937-4688,Michael Laub Jr,laubm@avoneagles.org,N/A,Sadie Fox,N/A,N/A,N/A,N/A,N/A,048108,Lorain County ESC
districts.csv,2026-10-09,048173,Midview Local,N/A,N/A,Traditional Public District,District,Open,Lorain,http://www.midviewk12.org/,lgilchrist@midviewk12.org,"13050 Durkee Rd, Grafton, Ohio, 44044",N/A,N/A,Chad Heuser,cheuser@midviewk12.org,(440) 225-0441,Michael Resar,mresar@midviewk12.org,N/A,N/A,N/A,N/A,048108,Lorain County ESC
districts.csv,2026-10-09,048207,Anthony Wayne Local,N/A,N/A,Traditional Public District,District,Open,Lucas,www.anthonywayneschools.org,N/A,"9565 Bucher Rd, Whitehouse, Ohio, 43571",(419) 877-5377,(419) 877-9352,Kevin Herman,N/A,N/A,Raymond Greene II,N/A,N/A,N/A,N/A,N/A,048199,ESC of Lake Erie West
districts.csv,2026-10-09,048264,Jonathan Alder Local,N/A,N/A,Traditional Public District,District,Open,Madison,http://www.alder.k12.oh.us/,N/A,"9200 Us Highway 42 S, Plain City, Ohio, 43064",(614) 873-5621,(614) 873-8462,James Miller,millerja@japioneers.org,N/A,Mark Ingles,inglesma@japioneers.org,N/A,N/A,N/A,N/A,137364,Madison-Champaign ESC
districts.csv,2026-10-09,048330,Lowellville Local,N/A,N/A,Traditional Public District,District,Open,Mahoning,http://www.lowellville.k12.oh.us/,c.sawicki@lowellvilleschool.org,"52 Rocket Place, Lowellville, Ohio, 44436",(330) 536-6318,N/A,Christine Sawicki,c.sawicki@lowellvilleschool.org,N/A,Andrea Apisa,N/A,N/A,N/A,N/A,N/A,048280,Educational Service Center of Eastern Ohio
districts.csv,2026-10-09,048348,Poland Local,N/A,N/A,Traditional Public District,District,Open,Mahoning,http://www.polandbulldogs.com/,atommelleo@polandschools.org,"3030 Dobbins Rd, Poland, Ohio, 44514",(330) 757-7000,(330) 757-2390,Andrew Tommelleo,N/A,N/A,JEANETTE MEDINA,jmedina@polandschools.org,N/A,N/A,N/A,N/A,048280,Educational Service Center of Eastern Ohio
districts.csv,2026-10-09,048355,Sebring Local,N/A,N/A,Traditional Public District,District,Open,Mahoning,http://www.sebring.k12.oh.us/,tviscounte@sebring.k12.oh.us,"510 N 14th St, Sebring, Ohio, 44672",(330) 938-6165,(330) 938-4701,Scott Cassidy,scassidy@sebring.k12.oh.us,N/A,April Habeger,ahabeger@sebring.k12.oh.us,(330) 938-6165,N/A,N/A,N/A,048280,Educational Service Center of Eastern Ohio
districts.csv,2026-10-09,048538,Southern Local,N/A,N/A,Traditional Public District,District,Open,Meigs,http://www.southernlocalmeigs.org,tony.deem@southernlocal.net,"106 N Broadway St, Racine, Ohio, 45771",(740) 949-2661,(740) 949-1101,Anthony Deem,tony.deem@southernlocal.net,N/A,Christi Hendrix,N/A,N/A,N/A,N/A,N/A,135145,Athens-Meigs ESC
districts.csv,2026-10-09,048587,St Henry Consolidated Local,N/A,N/A,Traditional Public District,District,Open,Mercer,http://www.sthenryschools.org/,N/A,"391 E Columbus St, Saint Henry, Ohio, 45883",(419) 678-4834,(419) 678-1724,Adam Puthoff,puthoff.adam@apps.sthenryschools.org,N/A,Jennifer Bruns,N/A,N/A,N/A,N/A,N/A,048546,Grand Lake Regional Educational Service Center
districts.csv,2026-10-09,048611,Bethel Local,N/A,N/A,Traditional Public District,District,Open,Miami,http://www.bethelk12.org,loganj@blsk12.org,"7490 State Route 201, Tipp City, Ohio, 45371",(937) 845-9414,(937) 845-5007,Michael Nutter,nutterm@blsk12.org,N/A,Jenni Logan,loganj@blsk12.org,N/A,N/A,N/A,N/A,048603,Miami County ESC
districts.csv,2026-10-09,048678,Brookville Local,N/A,N/A,Traditional Public District,District,Open,Montgomery,http://www.brookvilleschools.org/,denlingerw@brookvilleschools.org,"75 June Pl, Brookville, Ohio, 45309",(937) 833-2181,(937) 833-2787,Jason Wood,N/A,N/A,Jenna Jurosic,N/A,N/A,N/A,N/A,N/A,048660,Montgomery County ESC
districts.csv,2026-10-09,048835,East Muskingum Local,N/A,N/A,Traditional Public District,District,Open,Muskingum,http://www.east-muskingum.k12.oh.us/,info@eastmschools.org,"13505 John Glenn School Rd, New Concord, Ohio, 43762",(740) 826-7655,(740) 826-7194,David Adams,dadams@eastmschools.org,N/A,Kandi Raach,kraach@eastmschools.org,N/A,N/A,N/A,N/A,125252,Muskingum Valley ESC
districts.csv,2026-10-09,048843,Franklin Local ,N/A,N/A,Traditional Public District,District,Open,Muskingum,http://www.franklinlocalschools.org/,kacey.cottrill@franklinlocalschools.org,"360 Cedar St, Duncan Falls, Ohio, 43734",(740) 674-5203,(740) 674-5214,Kacey Cottrill,N/A,N/A,Scott Paul,N/A,N/A,N/A,N/A,N/A,125252,Muskingum Valley ESC
districts.csv,2026-10-09,048876,Tri-Valley Local ,N/A,N/A,Traditional Public District,District,Open,Muskingum,https://www.tvschools.org/about-us,jwillison@tvschools.org,"36 E Muskingum Ave, Dresden, Ohio, 43821",(740) 754-1442,(740) 754-6400,Kirk Henderson,kahenderson@tvschools.org,N/A,Ryan Smith,rdsmith@tvschools.org,N/A,N/A,N/A,N/A,047977,Licking Regional Educational Service Center
districts.csv,2026-10-09,049056,Northern Local,N/A,N/A,Traditional Public District,District,Open,Perry,http://www.nlsd.k12.oh.us/,wskaggs@nlsd.k12.oh.us,"8700 Sheridan Dr, Thornville, Ohio, 43076",(740) 743-1303,(740) 743-3301,Walter Skaggs,wskaggs@nlsd.k12.oh.us,(740) 743-1303,JENNIFER Clifton,jclifton@nlsd.k12.oh.us,N/A,N/A,N/A,N/A,125674,Perry-Hocking ESC
districts.csv,2026-10-09,049064,Southern Local,N/A,N/A,Traditional Public District,District,Open,Perry,https://www.southernlocal.org/,annette.losco@southernlocal.org,"10397 State Route 155 SE # 1, Corning, Ohio, 43730",(740) 721-0520,(740) 394-2083,Annette Losco,N/A,N/A,Brooke Champ,N/A,N/A,N/A,N/A,N/A,135145,Athens-Meigs ESC
districts.csv,2026-10-09,049213,Rootstown Local,N/A,N/A,Traditional Public District,District,Open,Portage,https://www.roversk12.org,scott@roversk12.org,"4140 State Route 44, Rootstown, Ohio, 44272",(330) 325-9911,(330) 325-4105,Andrew Hawkins,N/A,N/A,Ryan Hartshorne,N/A,N/A,N/A,N/A,N/A,049965,Summit County ESC
districts.csv,2026-10-09,049239,Streetsboro City,N/A,N/A,Traditional Public District,District,Open,Portage,http://www.streetsboroschools.com/,N/A,"9000 Kirby Ln, Streetsboro, Ohio, 44241",(330) 626-4900,(330) 626-8102,Cynthia Deevers,N/A,N/A,Brian Haines,bhaines@scsrockets.org,N/A,N/A,N/A,N/A,050765,Ohio Department of Education and Workforce
districts.csv,2026-10-09,049296,Twin Valley Community Local,N/A,N/A,Traditional Public District,District,Open,Preble,http://www.tvs.k12.oh.us/,alitersky@tvs.k12.oh.us,"100 Education Dr, West Alexandria, Ohio, 45381",(937) 839-4688,(937) 839-4898,Angela Chung,N/A,N/A,Anthony Litersky,alitersky@tvs.k12.oh.us,(715) 209-3222,N/A,N/A,N/A,049254,Preble County ESC
districts.csv,2026-10-09,049387,Ottoville Local,N/A,N/A,Traditional Public District,District,Open,Putnam,http://www.ottovilleschools.org/,N/A,"650 W 3rd St, Ottoville, Ohio, 45876",(419) 453-3356,(419) 453-3367,Jarrod Wehri,jawehri@ottovilleschools.org,N/A,Carlee Mox,cmox@ottovilleschools.org,N/A,N/A,N/A,N/A,049304,Putnam County ESC
districts.csv,2026-10-09,049460,Plymouth-Shiloh Local,N/A,N/A,Traditional Public District,District,Open,Richland,http://plymouth.schoolwires.com/,N/A,"365 Sandusky St, Plymouth, Ohio, 44865",(419) 687-4733,(419) 687-1541,Bradley Turson,bturson@plymouthk12.org,N/A,Tracy Konik,tkonik@plymouthk12.org,N/A,N/A,N/A,N/A,123521,Mid-Ohio ESC
districts.csv,2026-10-09,049478,Ontario Local,N/A,N/A,Traditional Public District,District,Open,Richland,http://www.ontarioschools.org/,N/A,"457 Shelby Ontario Rd, Ontario, Ohio, 44906",(419) 747-4311,(419) 747-6859,Dale Strickler,N/A,N/A,Randall Harvey,N/A,N/A,N/A,N/A,N/A,123257,North Central Ohio ESC
districts.csv,2026-10-09,049668,Wheelersburg Local,N/A,N/A,Traditional Public District,District,Open,Scioto,https://www.wheelersburg.net/,N/A,"620 Center St, Wheelersburg, Ohio, 45694",(740) 574-8484,(740) 574-6134,Mark Knapp,N/A,N/A,Andrew Shope,andrew.shope@burg.k12.oh.us,(740) 574-8484,N/A,N/A,N/A,125658,South Central Ohio ESC
districts.csv,2026-10-09,049817,Russia Local,N/A,N/A,Traditional Public District,District,Open,Shelby,http://www.russiaschool.org/,N/A,"100 School St, Russia, Ohio, 45363",(937) 526-3156,(937) 526-0045,Steven Rose,srose@russiaschool.org,N/A,Mary Borchers,N/A,N/A,N/A,N/A,N/A,014777,Midwest Regional ESC
districts.csv,2026-10-09,049833,Canton Local,N/A,N/A,Traditional Public District,District,Open,Stark,http://www.cantonlocal.org,N/A,"600 Faircrest St SE, Canton, Ohio, 44707",(330) 484-8010,(330) 484-8032,Larry Tausch,N/A,N/A,Jason Schatzel,jason.schatzel@cantonlocal.org,N/A,N/A,N/A,N/A,049825,Stark County ESC
districts.csv,2026-10-09,049916,Osnaburg Local,N/A,N/A,Traditional Public District,District,Open,Stark,http://www.ecweb.sparcc.org,megan.stansell@osnaburglocal.org,"310 Browning Ct N, East Canton, Ohio, 44730",(330) 488-1609,(330) 488-4001,Kevin Finefrock,kevin.finefrock@osnaburglocal.org,N/A,James Carman Jr,N/A,N/A,N/A,N/A,N/A,049825,Stark County ESC
districts.csv,2026-10-09,050005,Manchester Local,N/A,N/A,Traditional Public District,District,Open,Summit,http://www.panthercountry.org/,N/A,"6285 Renninger Rd, New Franklin, Ohio, 44319",(330) 882-6926,(330) 882-0013,Gary Hinton,gary.hinton@panthercountry.org,N/A,Jennifer Rucker,N/A,N/A,N/A,N/A,N/A,049965,Summit County ESC
districts.csv,2026-10-09,050054,Revere Local,N/A,N/A,Traditional Public District,District,Open,Summit,http://www.revereschools.org/,N/A,"3496 Everett Rd, Richfield, Ohio, 44286",(330) 666-4155,(330) 659-3127,Daniel White,N/A,N/A,Richard Berdine,rberdine@revereschools.org,N/A,N/A,N/A,N/A,049965,Summit County ESC
districts.csv,2026-10-09,050062,Springfield Local,N/A,N/A,Traditional Public District,District,Open,Summit,www.springfieldspartans.org,N/A,"2141 Pickle Rd, Akron, Ohio, 44312",(330) 798-1111,(330) 798-1161,Shelley Monachino,sp_monachino@springfieldspartans.org,N/A,Rosalind Moore,sp_rmoore@springfieldspartans.org,N/A,N/A,N/A,N/A,049965,Summit County ESC
districts.csv,2026-10-09,050237,Southington Local,N/A,N/A,Traditional Public District,District,Open,Trumbull,http://www.southington.k12.oh.us/,N/A,"2482 State Route 534, Southington, Ohio, 44470",(330) 898-7480,(330) 898-4828,Troy Beall,troy.beall@southingtonlocal.org,N/A,Paul Pestello,N/A,(330) 898-8646,N/A,N/A,N/A,050088,Trumbull County ESC
districts.csv,2026-10-09,050245,LaBrae Local,N/A,N/A,Traditional Public District,District,Open,Trumbull,https://labrae.school,carrie.guesman@labrae.school,"1001 N Leavitt Rd, Leavittsburg, Ohio, 44430",(330) 898-1393,(330) 898-6112,Anthony Calderone,aj.calderone@labrae.school,N/A,Bradley Panak,bradley.panak@mathewslocal.org,N/A,N/A,N/A,N/A,050088,Trumbull County ESC
districts.csv,2026-10-09,050351,Crestview Local,N/A,N/A,Traditional Public District,District,Open,Van Wert,http://www.crestviewknights.com,N/A,"531 E Tully St, Convoy, Ohio, 45832",N/A,() 749-4235,Matthew Dube,dube.matt@crestviewknights.com,N/A,Ashley Whetsel,N/A,N/A,N/A,N/A,N/A,134999,Western Buckeye ESC
districts.csv,2026-10-09,050427,Springboro Community City,N/A,N/A,Traditional Public District,District,Open,Warren,http://www.springboro.org/,amcguire@springboro.org,"1685 S Main St, Springboro, Ohio, 45066",(937) 748-3960,(937) 748-3956,Matthew Tudor,N/A,(513) 312-3152,Terrah Stacy,N/A,N/A,N/A,N/A,N/A,050765,Ohio Department of Education and Workforce
districts.csv,2026-10-09,050484,Fort Frye Local,N/A,N/A,Traditional Public District,District,Open,Washington,http://www.fortfrye.k12.oh.us/,stephanie.starcher@fortfrye.org,"510 5th St, Beverly, Ohio, 45715",(740) 984-2497,(740) 984-8784,Stephanie Starcher,stephanie.starcher@fortfrye.org,N/A,Kaitlin Huck,kaitlin.huck@fortfrye.org,N/A,N/A,N/A,N/A,123281,Ohio Valley ESC
districts.csv,2026-10-09,050492,Frontier Local,N/A,N/A,Traditional Public District,District,Open,Washington,http://www.flsd.k12.oh.us/,N/A,"44870 State Route 7, New Matamoras, Ohio, 45767",(740) 865-3473,(740) 865-2010,Ryan Caldwell,N/A,N/A,Patty Shreve,pshreve@frontierlocalschools.com,N/A,N/A,N/A,N/A,123281,Ohio Valley ESC
districts.csv,2026-10-09,050658,Stryker Local,N/A,N/A,Traditional Public District,District,Open,Williams,http://www.stryker.k12.oh.us/,N/A,"400 S Defiance St, Stryker, Ohio, 43557",(419) 682-6961,(419) 682-2646,Nate Johnson,njohnson@strykerpanthers.net,N/A,Nathan French,N/A,(419) 682-4591,N/A,N/A,N/A,124297,Northwest Ohio Educational Service Center
districts.csv,2026-10-09,050682,Elmwood Local,N/A,N/A,Traditional Public District,District,Open,Wood,http://www.elmwood.k12.oh.us/,enixj@elmls.net,"7650 Jerry City Rd, Bloomdale, Ohio, 44817",(419) 655-2583,(419) 655-3995,Jason Enix,enixj@elmls.net,N/A,jenalee Niese,niesj@elmls.net,N/A,N/A,N/A,N/A,050666,Wood County ESC
districts.csv,2026-10-09,050922,Cuyahoga Valley Career Center,N/A,N/A,Joint Vocational School District,District,Open,Cuyahoga,www.cvccworks.edu,N/A,"8001 Brecksville Rd, Brecksville, Ohio, 44141",(440) 526-5200,(440) 746-8298,David Mangas,N/A,N/A,Richard Berdine,rberdine@revereschools.org,N/A,N/A,N/A,N/A,050765,Ohio Department of Education and Workforce
districts.csv,2026-10-09,051060,Great Oaks Career Campuses,N/A,N/A,Joint Vocational School District,District,Open,Hamilton,http://www.greatoaks.com,bondoks@greatoaks.com,"110 Great Oaks Drive, Cincinnati, Ohio, 45241",(513) 771-8840,(513) 771-6575,Harry Snyder III,N/A,N/A,Brian Rabe,rabe.brian@greatoaks.com,N/A,N/A,N/A,N/A,050765,Ohio Department of Education and Workforce
districts.csv,2026-10-09,051128,Jefferson County,N/A,N/A,Joint Vocational School District,District,Open,Jefferson,http://www.jeffjvs.org,ted.gorman@jeffjvs.org,"1509 County Highway 22A, Bloomingdale, Ohio, 43910",(740) 264-5545,(740) 264-3144,Ted Gorman,ted.gorman@jeffjvs.org,N/A,Marcy Thompson,marcy.thompson@jeffjvs.org,N/A,N/A,N/A,N/A,050765,Ohio Department of Education and Workforce
districts.csv,2026-10-09,051227,Lorain County JVS,N/A,N/A,Joint Vocational School District,District,Open,Lorain,N/A,BWidman@lcjvs.net,"15181 State Route 58, Oberlin, Ohio, 44074",(440) 774-1051,(440) 774-2144,Glenn Faircloth,N/A,N/A,Cory Thompson,N/A,N/A,N/A,N/A,N/A,050765,Ohio Department of Education and Workforce
districts.csv,2026-10-09,051284,Miami Valley Career Tech,N/A,N/A,Joint Vocational School District,District,Open,Montgomery,https://district.mvctc.com/district-information/about,questions@mvctc.com,"6800 Hoke Rd, Englewood, Ohio, 45315",(937) 837-7781,(937) 837-1594,Nicholas Weldy,nweldy@mvctc.com,N/A,Brad McKee,bmckee@mvctc.com,N/A,N/A,N/A,N/A,050765,Ohio Department of Education and Workforce
districts.csv,2026-10-09,051607,Tri-County Career Center,N/A,N/A,Joint Vocational School District,District,Open,Athens,www.tricounty.cc,atownsend@tricounty.cc,"15676 State Route 691, Nelsonville, Ohio, 45764",(740) 753-3511,(740) 753-5138,Andrea Townsend,atownsend@tricounty.cc,N/A,Rhiannon Davis,rdavis@tricounty.cc,(740) 508-1487,N/A,N/A,N/A,050765,Ohio Department of Education and Workforce
districts.csv,2026-10-09,051656,Buckeye,N/A,N/A,Joint Vocational School District,District,Open,Tuscarawas,N/A,balsept@buckeyecareercenter.org,"545 University Dr NE, New Philadelphia, Ohio, 44663",(330) 339-2288,(330) 339-5159,Robert Alsept,balsept@buckeyecareercenter.org,N/A,Cheryl Malik,N/A,N/A,N/A,N/A,N/A,050765,Ohio Department of Education and Workforce
districts.csv,2026-10-09,062802,U S Grant,N/A,N/A,Joint Vocational School District,District,Open,Clermont,www.grantcareer.com,kelly.sininger@grantcareer.com,"718 W Plane St, Bethel, Ohio, 45106",(513) 734-6222,(513) 734-4758,Michael Parry,N/A,N/A,Kelly Sininger,kelly.sininger@grantcareer.com,N/A,N/A,N/A,N/A,050765,Ohio Department of Education and Workforce
districts.csv,2026-10-09,069682,East Guernsey Local,N/A,N/A,Traditional Public District,District,Open,Guernsey,http://www.eguernsey.k12.oh.us,michael.ferguson@eguernsey.k12.oh.us,"65591 Wintergreen Rd, Lore City, Ohio, 43755",(740) 489-5190,N/A,Michael Ferguson,michael.ferguson@eguernsey.k12.oh.us,N/A,Matthew Reed,N/A,N/A,N/A,N/A,N/A,123281,Ohio Valley ESC
districts.csv,2026-10-09,135335,Jewish Education Center of Cleveland,N/A,N/A,Nonpublic District,District,Open,Cuyahoga,N/A,N/A,"2030 S Taylor Rd, Cleveland Heights, Ohio, 44118",(216) 371-0446,(216) 371-2523,Danene Legarth,N/A,N/A,N/A,N/A,N/A,N/A,N/A,N/A,135335,Jewish Education Center of Cleveland
districts.csv,2026-10-09,022546,Euclid City Comprehensive CTPD,N/A,N/A,Career Technical Planning District,District,Open,Cuyahoga,N/A,kbrown@euclidschools.org,"711 E 222nd St, Euclid, Ohio, 44123",(216) 797-2901,N/A,N/A,N/A,N/A,N/A,N/A,N/A,N/A,N/A,N/A,022546,Euclid City Comprehensive CTPD
districts.csv,2026-10-09,022548,Mentor Exempted Village Comprehensive CTPD,N/A,N/A,Career Technical Planning District,District,Open,Lake,N/A,nemes@mentorschools.org,"6477 Center St, Mentor, Ohio, 44060",(440) 339-8699,N/A,N/A,N/A,N/A,N/A,N/A,N/A,N/A,N/A,N/A,022548,Mentor Exempted Village Comprehensive CTPD
districts.csv,2026-10-09,200098,Portage Lakes JVSD CTPD,N/A,N/A,Career Technical Planning District,District,Open,Summit,N/A,N/A,"4401 Shriver Rd, Uniontown, Ohio, 44685",(330) 896-8200,N/A,Lisa Tripney,ltripney@plcc.edu,N/A,Laurel Young,N/A,N/A,N/A,N/A,N/A,N/A,N/A
districts.csv,2026-10-09,200105,Wayne County JVSD CTPD,N/A,N/A,Career Technical Planning District,District,Open,Wayne,http://www.wcscc.org,N/A,"518 W Prospect St, Smithville, Ohio, 44677",(330) 669-7000,N/A,Lynn Moomaw,lmoomaw@wcscc.edu,N/A,Mary Workman,mworkman@wcscc.edu,N/A,N/A,N/A,N/A,N/A,N/A
districts.csv,2026-10-09,200107,Ohio Valley Local CTPD,N/A,N/A,Career Technical Planning District,District,Open,Adams,N/A,dawn.wallace@ovsd.us,"141 Lloyd Rd, West Union, Ohio, 45693",(937) 544-5586,N/A,Larry Hook,larry.hook@ovsd.us,N/A,Sherri Spencer,sherri.spencer@ovsd.us,N/A,N/A,N/A,N/A,N/A,N/A
districts.csv,2026-10-09,043539,Barberton City,N/A,N/A,Traditional Public District,District,Open,Summit,http://www.barbertonschools.org/,N/A,"633 Brady Ave, Barberton, Ohio, 44203",(330) 753-1025,(330) 848-8726,Jason Ondrus,jondrus@barbertonschools.org,N/A,JENNIFER SUDHOFF,jennifer.sudhoff@escneo.org,N/A,N/A,N/A,N/A,050765,Ohio Department of Education and Workforce
districts.csv,2026-10-09,043547,Bay Village City,N/A,N/A,Traditional Public District,District,Open,Cuyahoga,http://www.bayvillageschools.com/,scot.prebles@bayschoolsohio.org,"377 Dover Center Rd, Bay Village, Ohio, 44140",(440) 617-7300,(440) 617-7301,Scot Prebles,scot.prebles@bayschoolsohio.org,N/A,Autumn Reed,autumn.reed@bayschoolsohio.org,N/A,N/A,N/A,N/A,050765,Ohio Department of Education and Workforce
districts.csv,2026-10-09,043612,Berea City,N/A,N/A,Traditional Public District,District,Open,Cuyahoga,http://www.berea.k12.oh.us/,N/A,"390 Fair St, Berea, Ohio, 44017",(216) 898-8300,(216) 898-8551,Tracy Wheeler,N/A,N/A,Jill Rowe,N/A,N/A,N/A,N/A,N/A,050765,Ohio Department of Education and Workforce
districts.csv,2026-10-09,043638,Bowling Green City School District,N/A,N/A,Traditional Public District,District,Open,Wood,https://www.bgcs.k12.oh.us/,N/A,"137 Clough St, Bowling Green, Ohio, 43402",(419) 354-0800,(419) 352-1701,Ted Haselman,thaselman@bgcs.k12.oh.us,N/A,Matt Feasel,mfeasel@bgcs.k12.oh.us,N/A,N/A,N/A,N/A,050765,Ohio Department of Education and Workforce
districts.csv,2026-10-09,043695,Cambridge City,N/A,N/A,Traditional Public District,District,Open,Guernsey,https://www.cambridgecityschools.org/,kelley.kenworthy@cambridgecityschools.org,"518 S 8th St, Cambridge, Ohio, 43725",(740) 439-5021,(740) 521-6763,Daniel Coffman,dan.coffman@cambridgecityschools.org,N/A,Edward Wright,ed.wright@cambridgecityschools.org,N/A,N/A,N/A,N/A,050765,Ohio Department of Education and Workforce
districts.csv,2026-10-09,043703,Campbell City,N/A,N/A,Traditional Public District,District,Open,Mahoning,http://www.campbell.k12.oh.us/,nmontanez@campbell.k12.oh.us,"280 6th St, Campbell, Ohio, 44405",(330) 799-8777,(330) 799-0875,Matthew Bowen,mbowen@campbell.k12.oh.us,N/A,Nora Montanez,nmontanez@campbell.k12.oh.us,N/A,N/A,N/A,N/A,050765,Ohio Department of Education and Workforce
districts.csv,2026-10-09,043711,Canton City,N/A,N/A,Traditional Public District,District,Open,Stark,http://www.ccsdistrict.org/,dixon_j@ccsdistrict.org,"1312 5th St SW, Canton, Ohio, 44707",(330) 438-2500,N/A,Jeffery Talbert,talbert_j2@ccsdistrict.org,N/A,Jeffrey Gruber,gruber_j@ccsdistrict.org,N/A,N/A,N/A,N/A,050765,Ohio Department of Education and Workforce
districts.csv,2026-10-09,043778,Claymont City,N/A,N/A,Traditional Public District,District,Open,Tuscarawas,http://www.claymontschools.org/,jmiles@claymontschools.org,"201 N 3rd St, Dennison, Ohio, 44621",(740) 922-5478,(740) 922-7325,Brian Rentsch,brentsch@claymontschools.org,N/A,Kimberly Beckley,N/A,N/A,N/A,N/A,N/A,050765,Ohio Department of Education and Workforce
districts.csv,2026-10-09,043802,Columbus City Schools District,N/A,N/A,Traditional Public District,District,Open,Franklin,http://www.ccsoh.us/,superintendent@columbus.k12.oh.us,"270 E State St, Columbus, Ohio, 43215",(614) 365-5000,(614) 365-5689,Angela Chapman,superintendent@columbus.k12.oh.us,N/A,Ryan Cook,rcook1@columbus.k12.oh.us,N/A,N/A,N/A,N/A,043802,Columbus City Schools District
districts.csv,2026-10-09,043893,Dover City,N/A,N/A,Traditional Public District,District,Open,Tuscarawas,http://www.dovertornadoes.com,N/A,"228 W 6th St, Dover, Ohio, 44622",(330) 364-1906,(330) 343-7070,Karen McCrate,mccratek@dovertornadoes.com,N/A,Kathryn Brugger,N/A,N/A,N/A,N/A,N/A,050765,Ohio Department of Education and Workforce
districts.csv,2026-10-09,043943,Elyria City Schools,N/A,N/A,Traditional Public District,District,Open,Lorain,http://www.elyriaschools.org/,schlossann@elyriaschools.org,"42101 Griswold Rd, Elyria, Ohio, 44035",(440) 284-8201,(440) 284-0678,Ann Schloss,schlossann@elyriaschools.org,N/A,Colleen Aholt,N/A,N/A,N/A,N/A,N/A,050765,Ohio Department of Education and Workforce
districts.csv,2026-10-09,043976,Fairview Park City,N/A,N/A,Traditional Public District,District,Open,Cuyahoga,http://www.fairviewparkschools.org/,jsposit@fairview.k12.oh.us,"21620 Mastick Rd, Fairview Park, Ohio, 44126",(440) 331-5500,(440) 356-3545,Keith Ahearn,N/A,N/A,N/A,N/A,N/A,N/A,N/A,N/A,050765,Ohio Department of Education and Workforce
districts.csv,2026-10-09,044032,Gallipolis City ,N/A,N/A,Traditional Public District,District,Open,Gallia,http://www.gallipoliscityschools.k12.oh.us/,stephanie.harris@gc-k12.org,"61 State St, Gallipolis, Ohio, 45631",(740) 446-3211,(740) 446-6433,Craig Wright,N/A,N/A,Bethany Lewis,beth.lewis@gc-k12.org,N/A,N/A,N/A,N/A,050765,Ohio Department of Education and Workforce
districts.csv,2026-10-09,044057,Geneva Area City,N/A,N/A,Traditional Public District,District,Open,Ashtabula,http://www.genevaschools.org/,N/A,"1301 S Ridge Rd E Ste A, Geneva, Ohio, 44041",(440) 466-4831,(440) 466-0908,Paul Lombardo,N/A,N/A,SHELLEY McDermott,N/A,N/A,N/A,N/A,N/A,050765,Ohio Department of Education and Workforce
districts.csv,2026-10-09,044115,Heath City,N/A,N/A,Traditional Public District,District,Open,Licking,http://www.heath.k12.oh.us/,N/A,"107 Lancaster Dr, Heath, Ohio, 43056",(740) 238-7110,(740) 238-7053,Trevor Thomas,tthomas@heath.k12.oh.us,N/A,Karlis Zarins,kzarins@heath.k12.oh.us,N/A,N/A,N/A,N/A,050765,Ohio Department of Education and Workforce
districts.csv,2026-10-09,044149,Ironton City School District,N/A,N/A,Traditional Public District,District,Open,Lawrence,http://www.tigertown.com/,N/A,"105 S 5th St, Ironton, Ohio, 45638",(740) 532-4133,N/A,Sommer McCorkle,sommer.mccorkle@tigertown.com,N/A,Patricia Wade,patty.wade@tigertown.com,N/A,N/A,N/A,N/A,050765,Ohio Department of Education and Workforce
districts.csv,2026-10-09,044198,Lakewood City,N/A,N/A,Traditional Public District,District,Open,Cuyahoga,http://www.lakewoodcityschools.org/,helen.serrano@lakewoodcityschools.org,"13701 Lake Ave, Lakewood, Ohio, 44107",(216) 529-4092,(216) 228-8327,Margaret Niedzwiecki,N/A,N/A,Meghan Rohde,N/A,N/A,N/A,N/A,N/A,050765,Ohio Department of Education and Workforce
districts.csv,2026-10-09,044206,Lancaster City,N/A,N/A,Traditional Public District,District,Open,Fairfield,http://www.lancaster.k12.oh.us/,j_taylor@lcsschools.net,"2780 Coonpath Rd NE, Lancaster, Ohio, 43130",(740) 687-7300,N/A,Nathan Hale,n_hale@lcsschools.net,N/A,Julie Taylor,j_taylor@lcsschools.net,N/A,N/A,N/A,N/A,050765,Ohio Department of Education and Workforce
districts.csv,2026-10-09,044222,Lima City,N/A,N/A,Traditional Public District,District,Open,Allen,http://www.limacityschools.org/,N/A,"755 Saint Johns Ave, Lima, Ohio, 45804",(419) 996-3400,(419) 996-3401,Andre Rudolph,N/A,N/A,Heather Sharp,hsharp@spartan.limacityschools.org,N/A,N/A,N/A,N/A,050765,Ohio Department of Education and Workforce
districts.csv,2026-10-09,044396,Miamisburg City,N/A,N/A,Traditional Public District,District,Open,Montgomery,http://miamisburgcityschools.org/,rwall@goburg.org,"540 E Park Ave, Miamisburg, Ohio, 45342",(937) 866-3381,(937) 865-5250,Stacy Maney,N/A,N/A,Gregory Wells,gwells@goburg.org,N/A,N/A,N/A,N/A,050765,Ohio Department of Education and Workforce
districts.csv,2026-10-09,044479,New Lexington School District,N/A,N/A,Traditional Public District,District,Open,Perry,http://www.nlpanthers.org/,casey.coffey@nlpanthers.org,"2549 Panther Drive, New Lexington, Ohio, 43764",(740) 342-4133,(740) 342-6051,Casey Coffey,N/A,N/A,David Rupe,N/A,N/A,N/A,N/A,N/A,050765,Ohio Department of Education and Workforce
districts.csv,2026-10-09,044545,North Royalton City,N/A,N/A,Traditional Public District,District,Open,Cuyahoga,http://www.northroyaltonsd.org/,N/A,"6579 Royalton Rd, North Royalton, Ohio, 44133",(440) 237-8800,(440) 582-7336,Jeffrey Cicerchi,jeff.cicerchi@northroyaltonsd.org,(440) 237-8800,BIAGIO SIDOTI,N/A,N/A,N/A,N/A,N/A,050765,Ohio Department of Education and Workforce
districts.csv,2026-10-09,044693,Reading Community City,N/A,N/A,Traditional Public District,District,Open,Hamilton,https://www.readingschools.org/,kblair@readingschools.org,"810 E Columbia Ave, Reading, Ohio, 45215",(513) 554-1800,(513) 483-6754,Damon Davis,ddavis@readingschools.org,N/A,Jennifer Burke,N/A,N/A,N/A,N/A,N/A,050765,Ohio Department of Education and Workforce
districts.csv,2026-10-09,044727,St Marys City,N/A,N/A,Traditional Public District,District,Open,Auglaize,http://www.smriders.net,andy.wilker@smriders.net,"2250 State Route 66, Saint Marys, Ohio, 45885",(419) 394-4312,(419) 394-5638,George Ruane,bill.ruane@smriders.net,N/A,ANDREW WILKER,N/A,N/A,N/A,N/A,N/A,045930,Auglaize County ESC
districts.csv,2026-10-09,044792,South Euclid-Lyndhurst City,N/A,N/A,Traditional Public District,District,Open,Cuyahoga,https://www.selschools.org/,phile@selschools.org,"5044 Mayfield Rd, Lyndhurst, Ohio, 44124",(216) 691-2000,(216) 691-2033,Dominick Kaple,kaple@selschools.org,N/A,Joshua Hill,hillj@sel.k12.oh.us,N/A,N/A,N/A,N/A,050765,Ohio Department of Education and Workforce
districts.csv,2026-10-09,044875,Sylvania Schools,N/A,N/A,Traditional Public District,District,Open,Lucas,http://sylvania.k12.oh.us/,tzieroff@sylvaniaschools.org,"4747 N Holland Sylvania Rd, Sylvania, Ohio, 43560",(419) 824-8501,(419) 824-8503,Timothy Zieroff,N/A,N/A,Adam Koch,akoch@sylvaniaschools.org,N/A,N/A,N/A,N/A,050765,Ohio Department of Education and Workforce
districts.csv,2026-10-09,044891,Tiffin City Schools,N/A,N/A,Traditional Public District,District,Open,Seneca,https://www.tiffincityschools.org,N/A,"244 S Monroe St, Tiffin, Ohio, 44883",(419) 447-2515,(419) 448-5202,Greg Williamson,greg_williamson@tiffincityschools.org,N/A,Jennifer Hedrick,jhedrick@ncoesc.org,N/A,N/A,N/A,N/A,050765,Ohio Department of Education and Workforce
districts.csv,2026-10-09,044958,Vandalia-Butler City,N/A,N/A,Traditional Public District,District,Open,Montgomery,http://www.vbcsd.com/,melanie.clark@vbcsd.com,"500 S Dixie Dr, Vandalia, Ohio, 45377",(937) 415-6400,(937) 415-6429,Robert O'Leary,N/A,N/A,Jordan Shumaker,N/A,N/A,N/A,N/A,N/A,050765,Ohio Department of Education and Workforce
districts.csv,2026-10-09,045047,Westerville City,N/A,N/A,Traditional Public District,District,Open,Franklin,http://www.westerville.k12.oh.us/,ReevesS@westerville.k12.oh.us,"936 Eastwind Dr Ste 200, Westerville, Ohio, 43081",(614) 797-5700,(614) 797-5701,Angela Hamberg,hamberga@westerville.k12.oh.us,N/A,Nicole Marshall,N/A,N/A,N/A,N/A,N/A,050765,Ohio Department of Education and Workforce
districts.csv,2026-10-09,045211,Bluffton Exempted Village,N/A,N/A,Traditional Public District,District,Open,Allen,http://www.blufftonschools.org,N/A,"102 S Jackson St, Bluffton, Ohio, 45817",(419) 358-5901,(419) 358-4871,Gregory Denecker,N/A,N/A,Paula Parish,N/A,N/A,N/A,N/A,N/A,050765,Ohio Department of Education and Workforce
districts.csv,2026-10-09,045286,Chagrin Falls Exempted Village,N/A,N/A,Traditional Public District,District,Open,Cuyahoga,https://www.chagrinschools.org,JENNIFER.PENCZARSKI@CHAGRINSCHOOLS.ORG,"400 E Washington St, Chagrin Falls, Ohio, 44022",(440) 247-5500,(440) 247-5883,Jennifer Penczarski,jennifer.penczarski@chagrinschools.org,N/A,Ashley Brudno,ashley.brudno@chagrinschools.org,N/A,N/A,N/A,N/A,050765,Ohio Department of Education and Workforce
districts.csv,2026-10-09,045294,Chesapeake Union Exempted Village,N/A,N/A,Traditional Public District,District,Open,Lawrence,http://www.peake.k12.oh.us/,N/A,"10183 County Road 1, Chesapeake, Ohio, 45619",(740) 867-3135,(740) 867-3136,Doug Hale,doug.hale@peake.k12.oh.us,N/A,Shelby Davidson,shelby.davidson@peake.k12.oh.us,N/A,N/A,N/A,N/A,050765,Ohio Department of Education and Workforce
districts.csv,2026-10-09,045302,Clyde-Green Springs Exempted Village,N/A,N/A,Traditional Public District,District,Open,Sandusky,http://www.clyde.k12.oh.us/,N/A,"106 S Main St, Clyde, Ohio, 43410",(419) 547-0588,(419) 547-0909,Lucas Messer,N/A,N/A,Thomas Jeffrey,tjeffrey@clyde.k12.oh.us,N/A,N/A,N/A,N/A,050765,Ohio Department of Education and Workforce
districts.csv,2026-10-09,045369,Fairport Harbor Exempted Village,N/A,N/A,Traditional Public District,District,Open,Lake,http://www.fhevs.org/,Kschneider@fhevs.org,"345 Vine St, Fairport Harbor, Ohio, 44077",(440) 354-5400,(440) 357-1478,Karl Schneider,kschneider@fhevs.org,N/A,Sherry Williamson,N/A,N/A,N/A,N/A,N/A,050765,Ohio Department of Education and Workforce
districts.csv,2026-10-09,045377,Georgetown Exempted Village,N/A,N/A,Traditional Public District,District,Open,Brown,http://www.gtown.k12.oh.us/,abigail.cain@gtown.k12.oh.us,"1043 Mount Orab Pike, Georgetown, Ohio, 45121",(937) 378-3565,(937) 378-2219,Bradley Winterod,brad.winterod@gtown.k12.oh.us,N/A,Eric Toole,N/A,N/A,N/A,N/A,N/A,095869,Hamilton-Clermont Cooperative Association
districts.csv,2026-10-09,045856,Buckeye Local,N/A,N/A,Traditional Public District,District,Open,Ashtabula,http://www.buckeyeschools.info/,a.steel@buckeyeschools.info,"3436 Edgewood Dr, Ashtabula, Ohio, 44004",(440) 998-4411,(440) 992-8369,Patrick Colucci,p.colucci@buckeyeschools.info,N/A,Kassandra Brand,N/A,N/A,N/A,N/A,N/A,045849,Ashtabula County ESC
districts.csv,2026-10-09,045914,Federal Hocking Local,N/A,N/A,Traditional Public District,District,Open,Athens,http://www.fedhock.com/,gwood@fhlancers.com,"8461 State Route 144, Stewart, Ohio, 45778",(740) 662-6691,(740) 662-5065,George Wood,gwood@fhlancers.com,N/A,Bruce Steenrod,N/A,N/A,N/A,N/A,N/A,135145,Athens-Meigs ESC
districts.csv,2026-10-09,045997,St Clairsville-Richland City,N/A,N/A,Traditional Public District,District,Open,Belmont,www.stcschools.com,eric.meininger@stcschools.com,"108 Woodrow Ave, Saint Clairsville, Ohio, 43950",(740) 695-1624,(740) 695-1627,Christina Laudermilt,N/A,N/A,Eric Meininger,N/A,N/A,N/A,N/A,N/A,050765,Ohio Department of Education and Workforce
districts.csv,2026-10-09,046011,Union Local,N/A,N/A,Traditional Public District,District,Open,Belmont,http://ulschools.com/,zshutler@ulschools.com,"66779 Belmont Morristown Rd, Belmont, Ohio, 43718",(740) 782-1978,(740) 782-1212,Zachary Shutler,N/A,N/A,Bernie Thompson,N/A,N/A,N/A,N/A,N/A,050260,East Central Ohio ESC
districts.csv,2026-10-09,046037,Eastern Local School District,N/A,N/A,Traditional Public District,District,Open,Brown,http://www.elsd.us/,N/A,"11479 Us Highway 62, Winchester, Ohio, 45697",(937) 695-6276,(937) 695-9046,Jordan Michael,Jordan.michael@elsd.us,N/A,Kevin Kendall,kevin.kendall@elsd.us,N/A,N/A,N/A,N/A,046029,Brown ESC
districts.csv,2026-10-09,046094,Edgewood City School District,N/A,N/A,Traditional Public District,District,Open,Butler,http://www.edgewoodschools.com/,N/A,"3500 Busenbark Rd, Trenton, Ohio, 45067",(513) 867-3400,(513) 894-5100,Jeffrey Madden,jeff.madden@edgewoodschools.net,N/A,Patricia Bowers,N/A,N/A,N/A,N/A,N/A,050765,Ohio Department of Education and Workforce
districts.csv,2026-10-09,046102,Fairfield City,N/A,N/A,Traditional Public District,District,Open,Butler,http://www.fairfieldcityschools.com/,N/A,"4641 Bach Ln, Fairfield, Ohio, 45014",(513) 829-6300,(513) 829-0148,Billy Smith,N/A,N/A,Jack Phillips III,phillips_j@fairfieldcityschools.com,N/A,N/A,N/A,N/A,050765,Ohio Department of Education and Workforce
districts.csv,2026-10-09,046177,Brown Local,N/A,N/A,Traditional Public District,District,Open,Carroll,http://www.brownlocalschools.com/,hawkd@brownlocalschools.com,"3242 Coral Rd NW, Malvern, Ohio, 44644",(330) 863-1170,(330) 863-1172,Danielle Hawk,hawkd@brownlocalschools.com,N/A,James Carman Jr,N/A,N/A,N/A,N/A,N/A,050765,Ohio Department of Education and Workforce
districts.csv,2026-10-09,046359,West Clermont Local,N/A,N/A,Traditional Public District,District,Open,Clermont,www.westcler.org,www.info@my.westcler.org,"4350 Aicholtz Rd, Cincinnati, Ohio, 45245",(513) 943-5000,(513) 752-6158,David Fultz,fultz_d@my.westcler.org,N/A,Daniel Romano III,N/A,N/A,N/A,N/A,N/A,046292,Clermont County ESC
districts.csv,2026-10-09,046367,Williamsburg Local,N/A,N/A,Traditional Public District,District,Open,Clermont,http://burgschools.org/,wells_g@burgschools.org,"331 W Main St, Williamsburg, Ohio, 45176",(513) 724-3077,(513) 724-1504,Matthew Earley,N/A,N/A,Roy Unversaw,unversawa@blan.org,N/A,N/A,N/A,N/A,046292,Clermont County ESC
districts.csv,2026-10-09,046441,Southern Local,N/A,N/A,Traditional Public District,District,Open,Columbiana,http://www.southern.k12.oh.us/,N/A,"38095 State Route 39, Salineville, Ohio, 43945",(330) 679-2343,(330) 679-0193,Mary Alice Sigler,maryalice.sigler@slindians.org,N/A,Gregory Sabbato,N/A,(330) 303-9709,N/A,N/A,N/A,046417,Columbiana County ESC
districts.csv,2026-10-09,046458,United Local,N/A,N/A,Traditional Public District,District,Open,Columbiana,https://www.eaglepride.net/,N/A,"8143 State Route 9, Hanoverton, Ohio, 44423",(330) 223-1521,(330) 223-2363,Lance Hostetler,N/A,N/A,Melissa Baker,N/A,N/A,N/A,N/A,N/A,046417,Columbiana County ESC
districts.csv,2026-10-09,046516,Colonel Crawford Local,N/A,N/A,Traditional Public District,District,Open,Crawford,http://www.cck12.org/,N/A,"2303 State Route 602, Crestline, Ohio, 44827",(419) 562-6755,(419) 562-3304,Michael Voll,N/A,N/A,David Sheldon,sheldon.david@cck12.org,N/A,N/A,N/A,N/A,123521,Mid-Ohio ESC
districts.csv,2026-10-09,046706,Ayersville Local ,N/A,N/A,Traditional Public District,District,Open,Defiance,http://www.ayersville.org/,N/A,"28046 Watson Rd, Defiance, Ohio, 43512",(419) 395-1111,(419) 395-9990,Brian Becher,brian.becher@ayersvillepilots.org,N/A,Hannah Martin,N/A,N/A,N/A,N/A,N/A,124297,Northwest Ohio Educational Service Center
districts.csv,2026-10-09,046763,Olentangy Local,N/A,N/A,Traditional Public District,District,Open,Delaware,http://www.olentangy.k12.oh.us/,michele_cox@olsd.us,"7840 Graphics Way, Lewis Center, Ohio, 43035",(740) 657-4050,(740) 657-4099,Todd Meyer,todd_meyer@olsd.us,N/A,Timothy Jenkins,ryan_jenkins@olsd.us,N/A,N/A,N/A,N/A,046938,ESC of Central Ohio
districts.csv,2026-10-09,046854,Berne Union Local,N/A,N/A,Traditional Public District,District,Open,Fairfield,http://berne-union.k12.oh.us/,N/A,"506 N Main St, Sugar Grove, Ohio, 43155",(740) 746-8341,(740) 746-9824,Jonathan Parker,parkerj@buschools.com,N/A,Kirk Grandy,N/A,N/A,N/A,N/A,N/A,046839,Fairfield County ESC
districts.csv,2026-10-09,046862,Bloom-Carroll Local,N/A,N/A,Traditional Public District,District,Open,Fairfield,http://www.bloom-carroll.k12.oh.us/,N/A,"5240 Plum Rd, Carroll, Ohio, 43112",(740) 756-9700,(740) 756-4221,Shawn Haughn,N/A,N/A,Travis Bigam,N/A,N/A,N/A,N/A,N/A,046839,Fairfield County ESC
districts.csv,2026-10-09,046953,Hamilton Local,N/A,N/A,Traditional Public District,District,Open,Franklin,http://www.hamilton-local.k12.oh.us/,BWILSON@HLSD.ORG,"775 Rathmell Rd, Columbus, Ohio, 43207",(614) 491-8044,(614) 491-8323,Mark Tyler,N/A,N/A,Brian Wilson,N/A,N/A,N/A,N/A,N/A,046938,ESC of Central Ohio
districts.csv,2026-10-09,047043,Archbold-Area Local,N/A,N/A,Traditional Public District,District,Open,Fulton,http://www.archboldschools.org,jselgo@archboldschools.org,"600 Lafayette St, Archbold, Ohio, 43502",(419) 446-2728,(419) 445-8536,Jayson Selgo,jselgo@archboldschools.org,N/A,Connie Nicely,N/A,(567) 444-4393,N/A,N/A,N/A,124297,Northwest Ohio Educational Service Center
districts.csv,2026-10-09,047183,Chardon Local,N/A,N/A,Traditional Public District,District,Open,Geauga,http://www.chardon.k12.oh.us/,N/A,"428 North St, Chardon, Ohio, 44024",(440) 285-4052,(440) 285-7229,Michael Hanlon,N/A,N/A,Deb Armbruster,N/A,N/A,N/A,N/A,N/A,046532,ESC of Northeast Ohio
districts.csv,2026-10-09,047191,Kenston Local,N/A,N/A,Traditional Public District,District,Open,Geauga,https://www.kenstonlocal.org/,annmarie.messner@kenstonapps.org,"17419 Snyder Rd, Chagrin Falls, Ohio, 44023",(440) 543-9677,(440) 543-8634,Bruce Willingham,bruce.willingham@kenstonapps.org,N/A,Seth Cales,N/A,N/A,N/A,N/A,N/A,046532,ESC of Northeast Ohio
districts.csv,2026-10-09,047548,Conotton Valley Union Local,N/A,N/A,Traditional Public District,District,Open,Harrison,http://www.conottonvalley.k12.oh.us/,john.zucal@cvul.org,"7205 Cumberland Rd SW, Bowerston, Ohio, 44695",(740) 269-2000,(740) 269-7901,John Zucal,N/A,N/A,Gabriel Tingle,N/A,N/A,N/A,N/A,N/A,050260,East Central Ohio ESC
districts.csv,2026-10-09,047571,Holgate Local,N/A,N/A,Traditional Public District,District,Open,Henry,http://www.holgateschools.org/,jschuette@holgateschools.org,"801 Joe E Brown Ave, Holgate, Ohio, 43527",(419) 264-5141,(419) 264-1965,Jessica Schuette,N/A,N/A,Kent Seemann,N/A,N/A,N/A,N/A,N/A,124297,Northwest Ohio Educational Service Center
districts.csv,2026-10-09,047738,South Central Local,N/A,N/A,Traditional Public District,District,Open,Huron,http://www.south-central.org,jstutz@south-central.org,"3305 Greenwich Angling Rd, Greenwich, Ohio, 44837",(419) 752-3815,(419) 752-0182,Joshua Stutz,jstutz@south-central.org,N/A,Christina Warrick,N/A,N/A,N/A,N/A,N/A,125690,North Point Educational Service Center
districts.csv,2026-10-09,047746,Western Reserve Local,N/A,N/A,Traditional Public District,District,Open,Huron,http://www.western-reserve.org/,wsnyder@western-reserve.org,"3765 US Rt 20, Collins, Ohio, 44826",(419) 660-8508,(419) 660-8429,William Snyder,wsnyder@western-reserve.org,N/A,Shawnna Jones,N/A,N/A,N/A,N/A,N/A,125690,North Point Educational Service Center
districts.csv,2026-10-09,047795,Edison Local,N/A,N/A,Traditional Public District,District,Open,Jefferson,http://www.edisonwildcats.org,N/A,"14890 State Route 213, Hammondsville, Ohio, 43930",(740) 282-0065,(740) 282-0065,George Beattie,N/A,N/A,Amanda Gump,amanda.gump@edisonwildcats.org,N/A,N/A,N/A,N/A,047779,Jefferson County ESC
districts.csv,2026-10-09,047886,Madison Local ,N/A,N/A,Traditional Public District,District,Open,Lake,http://www.madisonschools.net/,N/A,"6079 Middle Ridge Rd, Madison, Ohio, 44057",(440) 428-2166,(440) 428-9379,Daniel Rambler,daniel.rambler@madisonschools.net,N/A,Stephen Vasek,steve.vasek@madisonschools.net,N/A,N/A,N/A,N/A,047860,Educational Service Center of the Western Reserve
districts.csv,2026-10-09,047894,Riverside Local,N/A,N/A,Traditional Public District,District,Open,Lake,http://www.painesville-township.k12.oh.us/,david.leone@riversideschools.net,"585 Riverside Dr, Painesville, Ohio, 44077",(440) 352-0668,(440) 639-1959,Christopher Rateno,christopher.rateno@riversideschools.net,N/A,Stephen Thompson,stephen.thompson@riversideschools.net,(440) 358-8209,N/A,N/A,N/A,047860,Educational Service Center of the Western Reserve
districts.csv,2026-10-09,047985,Johnstown-Monroe Local,N/A,N/A,Traditional Public District,District,Open,Licking,http://www.johnstown.k12.oh.us/,fdrummey@jmk12.org,"85 W Douglas St, Johnstown, Ohio, 43031",(740) 967-6846,(740) 967-1106,Louis Kramer,lkramer@jmk12.org,(740) 967-6846,Felicia Drummey,fdrummey@jmk12.org,N/A,N/A,N/A,N/A,085647,Tri-Rivers Educational Computer Association
districts.csv,2026-10-09,048041,Southwest Licking Local,N/A,N/A,Traditional Public District,District,Open,Licking,http://www.swl.k12.oh.us/,kperkins@swls.us,"927-A South Street, Pataskala, Ohio, 43062",(740) 927-3941,(740) 927-4648,Kasey Rathburn,kperkins@swls.us,N/A,Richard Jones,RDJones@swls.us,N/A,N/A,N/A,N/A,047977,Licking Regional Educational Service Center
districts.csv,2026-10-09,048140,Columbia Local,N/A,N/A,Traditional Public District,District,Open,Lorain,http://www.columbia.k12.oh.us/,peddy@clsdraiders.org,"25796 Royalton Rd, Columbia Station, Ohio, 44028",(440) 236-5008,(440) 236-8817,William Wingler,bwingler@clsdraiders.org,N/A,Patricia Eddy,peddy@clsdraiders.org,N/A,N/A,N/A,N/A,048108,Lorain County ESC
districts.csv,2026-10-09,048231,Washington Local ,N/A,N/A,Traditional Public District,District,Open,Lucas,http://www.wls4kids.org/,kmartin@wls4kids.org,"3505 W Lincolnshire Blvd, Toledo, Ohio, 43606",(419) 473-8220,(419) 473-8247,Kristine Martin,kmartin@wls4kids.org,N/A,Jennifer Culbertson,N/A,N/A,N/A,N/A,N/A,048199,ESC of Lake Erie West
districts.csv,2026-10-09,048322,Jackson-Milton Local,N/A,N/A,Traditional Public District,District,Open,Mahoning,http://www.jacksonmilton.k12.oh.us/,N/A,"13910 Mahoning Ave, North Jackson, Ohio, 44451",(330) 538-3232,(330) 538-6297,Kirk Baker,Kirk.baker@jmlocal.com,N/A,Kathy Beverly,kathyjo.beverly@jmlocal.com,N/A,N/A,N/A,N/A,048280,Educational Service Center of Eastern Ohio
districts.csv,2026-10-09,048470,Buckeye Local ,N/A,N/A,Traditional Public District,District,Open,Medina,http://www.buckeyeschools.org/,jstanton@buckeyeschools.org,"3044 Columbia Rd, Medina, Ohio, 44256",(330) 722-8257,(330) 722-5793,Jeffrey Stanton,N/A,N/A,Mark Donnelly,mdonnelly@buckeyeschools.org,N/A,N/A,N/A,N/A,048454,ESC of Medina County
districts.csv,2026-10-09,048488,Cloverleaf Local,N/A,N/A,Traditional Public District,District,Open,Medina,http://www.cloverleaflocal.org/,N/A,"7600 Buffham Rd, Seville, Ohio, 44273",(330) 302-0303,(330) 302-0533,Daryl Kubilus Jr,N/A,N/A,James Hudson,N/A,N/A,N/A,N/A,N/A,048454,ESC of Medina County
districts.csv,2026-10-09,048496,Highland Local,N/A,N/A,Traditional Public District,District,Open,Medina,http://www.highlandschools.org/,aukerman@highlandschools.org,"3880 Ridge Rd, Medina, Ohio, 44256",(330) 239-1901,(330) 239-7344,Catherine Aukerman,N/A,N/A,Neil Barnes,N/A,N/A,N/A,N/A,N/A,048454,ESC of Medina County
districts.csv,2026-10-09,048793,Cardington-Lincoln Local,N/A,N/A,Traditional Public District,District,Open,Morrow,http://www.cardington.k12.oh.us/,todd.spinner@cardington.k12.oh.us,"121 Nichols St, Cardington, Ohio, 43315",(419) 864-3691,N/A,Todd Spinner,todd.spinner@cardington.k12.oh.us,N/A,Erin Long,erin.long@cardington.k12.oh.us,N/A,N/A,N/A,N/A,123521,Mid-Ohio ESC
districts.csv,2026-10-09,048801,Highland Local,N/A,N/A,Traditional Public District,District,Open,Morrow,http://highland.k12.oh.us/,N/A,"6506 State Route 229, Marengo, Ohio, 43334",(419) 768-2206,(419) 768-3115,Nathan Huffman,N/A,N/A,Jason Fleming,jason_f@hlsd.us,(419) 768-4162,N/A,N/A,N/A,123521,Mid-Ohio ESC
districts.csv,2026-10-09,048900,Noble Local,N/A,N/A,Traditional Public District,District,Open,Noble,http://www.gozeps.org/,N/A,"20977 Zep Rd E, Sarahsville, Ohio, 43779",(740) 732-2084,(740) 732-7669,Justin Denius,justin.denius@gozeps.org,N/A,Andrea Hannum,andrea.hannum@gozeps.org,N/A,N/A,N/A,N/A,123281,Ohio Valley ESC
districts.csv,2026-10-09,048991,Antwerp Local,N/A,N/A,Traditional Public District,District,Open,Paulding,http://www.aw.noacsc.org/,N/A,"303 S. Harrmann Rd, Antwerp, Ohio, 45813",(419) 258-5421,(419) 258-4041,Martin Miller,miller_m@antwerpschools.org,N/A,Kristine Stuart,stuart_k@antwerpschools.org,N/A,N/A,N/A,N/A,134999,Western Buckeye ESC
districts.csv,2026-10-09,049098,Teays Valley Local,N/A,N/A,Traditional Public District,District,Open,Pickaway,http://www.tvsd.us/,kwolfe@tvsd.us,"385 Viking Way, Ashville, Ohio, 43103",(740) 983-5000,(740) 983-4158,Kyle Wolfe,kwolfe@tvsd.us,N/A,James Fausnaugh,tfausnaugh@tvsd.us,N/A,N/A,N/A,N/A,049072,Pickaway County ESC
districts.csv,2026-10-09,049197,Field Local,N/A,N/A,Traditional Public District,District,Open,Portage,http://www.fieldlocalschools.org/,N/A,"2900 State Route 43, Mogadore, Ohio, 44260",(330) 673-2659,(330) 673-0270,David Heflinger,N/A,N/A,Todd Carpenter,N/A,N/A,N/A,N/A,N/A,049965,Summit County ESC
districts.csv,2026-10-09,049205,James A Garfield Local,N/A,N/A,Traditional Public District,District,Open,Portage,jagschools.org,tlysiak@jagschools.org,"10235 State Route 88, Garrettsville, Ohio, 44231",(330) 527-4336,(330) 527-5941,Ted Lysiak,N/A,N/A,Tracy Knauer,N/A,N/A,N/A,N/A,N/A,046532,ESC of Northeast Ohio
districts.csv,2026-10-09,049288,Preble Shawnee Local,N/A,N/A,Traditional Public District,District,Open,Preble,http://www.psarrows.com,N/A,"5495 Somers Gratis Rd, Camden, Ohio, 45311",(937) 452-1283,N/A,Todd Bowling,bowlingt@psarrows.com,N/A,Kathlin Hosley,hosleyk@psarrows.com,N/A,N/A,N/A,N/A,049254,Preble County ESC
districts.csv,2026-10-09,049338,Jennings Local,N/A,N/A,Traditional Public District,District,Open,Putnam,https://www.jenningslocal.org/,N/A,"#1 Musketeer Drive, Fort Jennings, Ohio, 45844",(419) 286-2238,(419) 286-2240,Nicholas Langhals,n_langhals@jenningslocal.org,N/A,Kari German,jn_treas@jenningslocal.org,N/A,N/A,N/A,N/A,049304,Putnam County ESC
districts.csv,2026-10-09,049437,Lexington Local,N/A,N/A,Traditional Public District,District,Open,Richland,http://www.lexington.k12.oh.us/,N/A,"103 Clever Ln, Lexington, Ohio, 44904",(419) 884-2132,(419) 884-3129,Kevin Young,N/A,N/A,Jason Whitesel,N/A,N/A,N/A,N/A,N/A,123521,Mid-Ohio ESC
districts.csv,2026-10-09,049502,Huntington Local,N/A,N/A,Traditional Public District,District,Open,Ross,http://www.huntsmen.org/,heidi.gray@huntsmen.org,"188 Huntsman Rd, Chillicothe, Ohio, 45601",(740) 663-5892,(740) 663-6078,Peter Ruby,pete.ruby@huntsmen.org,N/A,Lauren Williams,N/A,N/A,N/A,N/A,N/A,138222,Ross-Pike ESC
districts.csv,2026-10-09,049510,Paint Valley Local,N/A,N/A,Traditional Public District,District,Open,Ross,http://www.paintvalleylocalschools.org/,tim.winland@pvlsd.org,"7454 Us Highway 50 W, Bainbridge, Ohio, 45612",(740) 634-2826,(740) 634-2890,Timothy Winland,N/A,N/A,Jerison Harper,N/A,N/A,N/A,N/A,N/A,138222,Ross-Pike ESC
districts.csv,2026-10-09,049775,Fairlawn Local,N/A,N/A,Traditional Public District,District,Open,Shelby,http://www.fairlawn.k12.oh.us/,N/A,"18800 Johnston Rd, Sidney, Ohio, 45365",(937) 492-5930,(937) 492-8613,John Holtzapple,holtzapple@fairlawn.k12.oh.us,N/A,Keith Doseck,N/A,N/A,N/A,N/A,N/A,014777,Midwest Regional ESC
districts.csv,2026-10-09,049791,Hardin-Houston Local,N/A,N/A,Traditional Public District,District,Open,Shelby,http://www.hardinhouston.org,aayers@hardinhouston.org,"5300 Houston Rd, Houston, Ohio, 45333",(937) 295-3010,(937) 295-3737,Ryan Maier,rmaier@hardinhouston.org,N/A,Amy Ayers,N/A,N/A,N/A,N/A,N/A,014777,Midwest Regional ESC
districts.csv,2026-10-09,049866,Lake Local,N/A,N/A,Traditional Public District,District,Open,Stark,http://www.lakelocal.org/,vogelgesangsusan@lakelocal.org,"436 King Church Ave SW, Uniontown, Ohio, 44685",(330) 877-9383,(330) 877-4754,Brett Yeagley,N/A,N/A,Nicole Nichols,N/A,N/A,N/A,N/A,N/A,049825,Stark County ESC
districts.csv,2026-10-09,049874,Louisville City,N/A,N/A,Traditional Public District,District,Open,Stark,www.louisvillecityschools.org,michele.shaffer@lepapps.org,"407 E Main St, Louisville, Ohio, 44641",(330) 875-1666,(330) 875-7603,Michele Shaffer,michele.shaffer@lepapps.org,N/A,Adam Fisher,adam.fisher@lepapps.org,(330) 875-0588,N/A,N/A,N/A,050765,Ohio Department of Education and Workforce
districts.csv,2026-10-09,049882,Marlington Local,N/A,N/A,Traditional Public District,District,Open,Stark,http://www.marlingtonlocal.org,d_mitchell@marlingtonlocal.org,"10320 Moulin Ave NE, Alliance, Ohio, 44601",(330) 823-7458,(330) 823-7759,Daniel Swisher,d_swisher@marlingtonlocal.org,N/A,ROBERT FOSS,N/A,N/A,N/A,N/A,N/A,049825,Stark County ESC
districts.csv,2026-10-09,049932,Plain Local,N/A,N/A,Traditional Public District,District,Open,Stark,http://www.plainlocal.org,mayb@plainlocal.org,"901 44th St NW, Canton, Ohio, 44709",(330) 492-3500,(330) 493-5542,Brent May,mayb@plainlocal.org,N/A,Derek Nottingham,nottinghamd@plainlocal.org,N/A,N/A,N/A,N/A,049825,Stark County ESC
districts.csv,2026-10-09,050039,Mogadore Local,N/A,N/A,Traditional Public District,District,Open,Summit,http://www.mogadore.net/,N/A,"1 S Cleveland Ave, Mogadore, Ohio, 44260",(330) 628-9946,(330) 628-6661,John Knapp,N/A,N/A,Joel Snider,joel.snider@escneo.org,N/A,N/A,N/A,N/A,049965,Summit County ESC
districts.csv,2026-10-09,050278,Garaway Local,N/A,N/A,Traditional Public District,District,Open,Tuscarawas,http://www.garaway.org/,jmillet@garaway.org,"146 Dover Rd NW, Sugarcreek, Ohio, 44681",(330) 852-2421,(330) 852-2991,James Millet,jmillet@garaway.org,N/A,SHERYL HARDESTY,N/A,N/A,N/A,N/A,N/A,050260,East Central Ohio ESC
districts.csv,2026-10-09,050286,Indian Valley Local,N/A,N/A,Traditional Public District,District,Open,Tuscarawas,http://www.ivschools.org/,jodi.hillyer@ivschools.org,"100 N Walnut St, Gnadenhutten, Ohio, 44629",(740) 254-4334,(740) 254-9271,Amy Wentworth,N/A,(740) 254-4334,Andrew Bache,N/A,N/A,N/A,N/A,N/A,050260,East Central Ohio ESC
districts.csv,2026-10-09,050302,Tuscarawas Valley Local,N/A,N/A,Traditional Public District,District,Open,Tuscarawas,www.tvtrojans.org/,N/A,"2637 Tuscarawas Valley Rd NE, Zoarville, Ohio, 44656",(330) 859-2213,(330) 859-8825,Derek Varansky,derek.varansky@tvtrojans.org,N/A,Mark Phillips,N/A,N/A,N/A,N/A,N/A,050260,East Central Ohio ESC
districts.csv,2026-10-09,050542,Dalton Local,N/A,N/A,Traditional Public District,District,Open,Wayne,http://www.daltonlocal.org,swatkins@daltonlocal.org,"177 Mill St N, Dalton, Ohio, 44618",(330) 828-2405,(330) 828-2800,Steven Watkins,swatkins@daltonlocal.org,N/A,Patrick McGinty,N/A,N/A,N/A,N/A,N/A,050526,Tri-County ESC
districts.csv,2026-10-09,050617,Edgerton Local,N/A,N/A,Traditional Public District,District,Open,Williams,http://www.edgerton.k12.oh.us/,jkeppeler@edgertonschools.org,"111 E River St, Edgerton, Ohio, 43517",(419) 298-2112,(419) 298-1322,Benjamin Wilhelm,bwilhelm@edgertonschools.org,N/A,William Blakely,bblakely@edgertonschools.org,N/A,N/A,N/A,N/A,124297,Northwest Ohio Educational Service Center
districts.csv,2026-10-09,050625,Edon Northwest Local,N/A,N/A,Traditional Public District,District,Open,Williams,http://www.edon.k12.oh.us/,astevens@edon-nw.org,"802 W Indiana St, Edon, Ohio, 43518",(419) 272-3213,(419) 272-2240,Anthony Stevens,astevens@edon-nw.org,N/A,Deborah Nester,N/A,N/A,N/A,N/A,N/A,124297,Northwest Ohio Educational Service Center
districts.csv,2026-10-09,050641,North Central Local,N/A,N/A,Traditional Public District,District,Open,Williams,http://www.ncschool.k12.oh.us/,ryan.pendleton@escneo.org,"400 E Baubice St, Pioneer, Ohio, 43554",(419) 737-2392,(419) 737-3361,Michael Bute,N/A,N/A,Ryan Pendleton,N/A,N/A,N/A,N/A,N/A,124297,Northwest Ohio Educational Service Center
districts.csv,2026-10-09,050690,Lake Local,N/A,N/A,Traditional Public District,District,Open,Wood,http://www.lakeschools.org/,marjoe.cooper@lakeschools.org,"28090 Lemoyne Rd, Millbury, Ohio, 43447",(419) 661-6677,(419) 661-6678,Marjoe Cooper,marjoe.cooper@lakeschools.org,N/A,Georgianna Lanning,georgiana.lanning@lakeschools.org,N/A,N/A,N/A,N/A,050666,Wood County ESC
districts.csv,2026-10-09,050708,North Baltimore Local,N/A,N/A,Traditional Public District,District,Open,Wood,http://www.nbls.org/,N/A,"201 S Main St, North Baltimore, Ohio, 45872",(419) 257-3531,(419) 257-2008,Ryan Delaney,rdelaney@nbls.org,N/A,Caleb Dornbusch,cdornbusch@nbls.org,N/A,N/A,N/A,N/A,050666,Wood County ESC
districts.csv,2026-10-09,050724,Otsego Local,N/A,N/A,Traditional Public District,District,Open,Wood,http://www.otsegoknights.org/,N/A,"18505 Tontogany Creek Rd Ste 1, Bowling Green, Ohio, 43402",(419) 823-4381,(419) 823-3035,Kevin O'Shea,koshea@otsegoknights.org,N/A,Steve Carroll,scarroll@otsegoknights.org,N/A,N/A,N/A,N/A,050666,Wood County ESC
districts.csv,2026-10-09,051144,Knox County JVSD,N/A,N/A,Joint Vocational School District,District,Open,Knox,www.knoxcc.org,knoxcc.org,"306 Martinsburg Rd, Mount Vernon, Ohio, 43050",(740) 397-5820,(740) 397-7040,Kathrine Greenich,N/A,N/A,Tracy Elliott,N/A,N/A,N/A,N/A,N/A,050765,Ohio Department of Education and Workforce
districts.csv,2026-10-09,051391,Maplewood Career Center District,N/A,N/A,Joint Vocational School District,District,Open,Portage,www.mwood.cc,griffithra@mwood.cc,"7075 State Route 88, Ravenna, Ohio, 44266",(330) 296-2892,(330) 296-5680,Randall Griffith,Griffithra@mwood.cc,N/A,Michelle Seckman,seckmanmi@mwood.cc,N/A,N/A,N/A,N/A,050765,Ohio Department of Education and Workforce
districts.csv,2026-10-09,051698,Washington County Career Center District,N/A,N/A,Joint Vocational School District,District,Open,Washington,www.thecareercenter.net,N/A,"21740 State Route 676, Marietta, Ohio, 45750",(740) 373-2766,(740) 373-9026,Anthony Huffman,thuffman@thecareercenter.net,N/A,Joseph Crone,jcrone@thecareercenter.net,N/A,N/A,N/A,N/A,050765,Ohio Department of Education and Workforce
districts.csv,2026-10-09,052563,Youngstown Diocese,N/A,N/A,Nonpublic District,District,Open,Mahoning,https://doy.org/schools/,steven.jones@youngstowndiocese.org,"144 W Wood St, Youngstown, Ohio, 44503",(330) 744-8451,(330) 744-5099,Steven Jones,steven.jones@youngstowndiocese.org,N/A,N/A,N/A,N/A,N/A,N/A,N/A,052506,Catholic Conference Of Ohio
districts.csv,2026-10-09,065268,Tri-Rivers,N/A,N/A,Joint Vocational School District,District,Open,Marion,N/A,mwhited@tririvers.com,"2222 Marion Mount Gilead Rd, Marion, Ohio, 43302",(740) 389-4681,(740) 725-9183,Pamela Noeth,N/A,N/A,Tammi Cowell,tcowell@tririvers.com,N/A,N/A,N/A,N/A,050765,Ohio Department of Education and Workforce
districts.csv,2026-10-09,091686,Dayton Christian School System,N/A,N/A,Nonpublic District,District,Open,Montgomery,N/A,N/A,"9391 Washington Church Rd, Miamisburg, Ohio, 45342",(937) 291-7206,N/A,N/A,N/A,N/A,N/A,N/A,N/A,N/A,N/A,N/A,000129,Association of Christian Schools International
districts.csv,2026-10-09,139303,Monroe Local,N/A,N/A,Traditional Public District,District,Open,Butler,http://www.monroelocalschools.com/,AMOORE@MONROELOCALSCHOOLS.COM,"500 Yankee Rd, Monroe, Ohio, 45050",(513) 539-2536,(513) 539-2648,John Buskirk,N/A,N/A,Amy Moore,amoore@monroelocalschools.com,N/A,N/A,N/A,N/A,046086,Butler County ESC
districts.csv,2026-10-09,021357,Bedford City Comprehensive CTPD,N/A,N/A,Career Technical Planning District,District,Open,Cuyahoga,N/A,mmay1@bedfordschools.org,"3 Hemisphere Way, Bedford, Ohio, 44146",(440) 439-1500,N/A,Cassandra Johnson,N/A,N/A,N/A,N/A,N/A,N/A,N/A,N/A,021357,Bedford City Comprehensive CTPD
